dc/12TH%20STREET%20AND%20SOUTH%20DAKOTA%20AVENUE%20NE.txt,12TH STREET / SOUTH DAKOTA AVENUE,Unshifted - Bank 1 - Bank 2,12/6/2011,07:00-07:15,,0,,,,,,0,,,,,0,,0,,,,,,,
dc/12TH%20STREET%20AND%20SOUTH%20DAKOTA%20AVENUE%20NE.txt,12TH STREET / SOUTH DAKOTA AVENUE,Unshifted - Bank 1 - Bank 2,12/6/2011,07:15-07:30,,0,,,,,,0,,,,,0,,1,,,,,,,
dc/12TH%20STREET%20AND%20SOUTH%20DAKOTA%20AVENUE%20NE.txt,12TH STREET / SOUTH DAKOTA AVENUE,Unshifted - Bank 1 - Bank 2,12/6/2011,07:30-07:45,,0,,,,,,0,,,,,0,,2,,,,,,,
dc/12TH%20STREET%20AND%20SOUTH%20DAKOTA%20AVENUE%20NE.txt,12TH STREET / SOUTH DAKOTA AVENUE,Unshifted - Bank 1 - Bank 2,12/6/2011,07:45-08:00,,0,,,,,,0,,,,,0,,3,,,,,,,
dc/12TH%20STREET%20AND%20SOUTH%20DAKOTA%20AVENUE%20NE.txt,12TH STREET / SOUTH DAKOTA AVENUE,Unshifted - Bank 1 - Bank 2,12/6/2011,08:00-08:15,,0,,,,,,0,,,,,0,,4,,,,,,,
dc/12TH%20STREET%20AND%20SOUTH%20DAKOTA%20AVENUE%20NE.txt,12TH STREET / SOUTH DAKOTA AVENUE,Unshifted - Bank 1 - Bank 2,12/6/2011,08:15-08:30,,0,,,,,,0,,,,,0,,0,,,,,,,
dc/12TH%20STREET%20AND%20SOUTH%20DAKOTA%20AVENUE%20NE.txt,12TH STREET / SOUTH DAKOTA AVENUE,Unshifted - Bank 1 - Bank 2,12/6/2011,08:30-08:45,,0,,,,,,0,,,,,0,,0,,,,,,,
dc/12TH%20STREET%20AND%20SOUTH%20DAKOTA%20AVENUE%20NE.txt,12TH STREET / SOUTH DAKOTA AVENUE,Unshifted - Bank 1 - Bank 2,12/6/2011,08:45-09:00,,0,,,,,,0,,,,,0,,0,,,,,,,
dc/12TH%20STREET%20AND%20SOUTH%20DAKOTA%20AVENUE%20NE.txt,12TH STREET / SOUTH DAKOTA AVENUE,Unshifted - Bank 1 - Bank 2,12/6/2011,16:00-16:15,,0,,,,,,0,,,,,0,,4,,,,,,,
dc/12TH%20STREET%20AND%20SOUTH%20DAKOTA%20AVENUE%20NE.txt,12TH STREET / SOUTH DAKOTA AVENUE,Unshifted - Bank 1 - Bank 2,12/6/2011,16:15-16:30,,0,,,,,,0,,,,,0,,1,,,,,,,
dc/12TH%20STREET%20AND%20SOUTH%20DAKOTA%20AVENUE%20NE.txt,12TH STREET / SOUTH DAKOTA AVENUE,Unshifted - Bank 1 - Bank 2,12/6/2011,16:30-16:45,,0,,,,,,0,,,,,0,,1,,,,,,,
dc/12TH%20STREET%20AND%20SOUTH%20DAKOTA%20AVENUE%20NE.txt,12TH STREET / SOUTH DAKOTA AVENUE,Unshifted - Bank 1 - Bank 2,12/6/2011,16:45-17:00,,0,,,,,,0,,,,,0,,0,,,,,,,
dc/12TH%20STREET%20AND%20SOUTH%20DAKOTA%20AVENUE%20NE.txt,12TH STREET / SOUTH DAKOTA AVENUE,Unshifted - Bank 1 - Bank 2,12/6/2011,17:00-17:15,,0,,,,,,0,,,,,0,,0,,,,,,,
dc/12TH%20STREET%20AND%20SOUTH%20DAKOTA%20AVENUE%20NE.txt,12TH STREET / SOUTH DAKOTA AVENUE,Unshifted - Bank 1 - Bank 2,12/6/2011,17:15-17:30,,0,,,,,,0,,,,,0,,0,,,,,,,
dc/12TH%20STREET%20AND%20SOUTH%20DAKOTA%20AVENUE%20NE.txt,12TH STREET / SOUTH DAKOTA AVENUE,Unshifted - Bank 1 - Bank 2,12/6/2011,17:30-17:45,,0,,,,,,0,,,,,0,,0,,,,,,,
dc/12TH%20STREET%20AND%20SOUTH%20DAKOTA%20AVENUE%20NE.txt,12TH STREET / SOUTH DAKOTA AVENUE,Unshifted - Bank 1 - Bank 2,12/6/2011,17:45-18:00,,0,,,,,,0,,,,,0,,3,,,,,,,
dc/14th%20St%20and%20Meridian%20Pl%20NW.txt,14TH STREET / MERIDIAN PLACE,VEHICLES - HEAVY VEHICLES - BICYCLES,2/23/2012,07:00-07:15,0,91,3,0,0,2,0,44,0,0,0,0,3,8,1,0,,,,,,
dc/14th%20St%20and%20Meridian%20Pl%20NW.txt,14TH STREET / MERIDIAN PLACE,VEHICLES - HEAVY VEHICLES - BICYCLES,2/23/2012,07:15-07:30,0,105,4,0,0,4,2,75,0,0,0,0,3,10,5,0,,,,,,
dc/14th%20St%20and%20Meridian%20Pl%20NW.txt,14TH STREET / MERIDIAN PLACE,VEHICLES - HEAVY VEHICLES - BICYCLES,2/23/2012,07:30-07:45,0,126,8,1,0,2,1,53,0,0,0,0,4,20,3,0,,,,,,
dc/14th%20St%20and%20Meridian%20Pl%20NW.txt,14TH STREET / MERIDIAN PLACE,VEHICLES - HEAVY VEHICLES - BICYCLES,2/23/2012,07:45-08:00,0,120,13,3,0,4,1,76,0,0,0,0,4,16,3,0,,,,,,
dc/14th%20St%20and%20Meridian%20Pl%20NW.txt,14TH STREET / MERIDIAN PLACE,VEHICLES - HEAVY VEHICLES - BICYCLES,2/23/2012,08:00-08:15,0,125,11,1,0,5,2,74,0,0,0,0,3,13,5,0,,,,,,
dc/14th%20St%20and%20Meridian%20Pl%20NW.txt,14TH STREET / MERIDIAN PLACE,VEHICLES - HEAVY VEHICLES - BICYCLES,2/23/2012,08:15-08:30,0,131,6,7,0,5,0,76,0,0,0,0,10,38,9,0,,,,,,
dc/14th%20St%20and%20Meridian%20Pl%20NW.txt,14TH STREET / MERIDIAN PLACE,VEHICLES - HEAVY VEHICLES - BICYCLES,2/23/2012,08:30-08:45,0,120,8,3,0,7,3,80,0,0,0,0,5,35,0,0,,,,,,
dc/14th%20St%20and%20Meridian%20Pl%20NW.txt,14TH STREET / MERIDIAN PLACE,VEHICLES - HEAVY VEHICLES - BICYCLES,2/23/2012,08:45-09:00,0,101,8,4,0,5,2,72,0,0,0,0,5,22,3,0,,,,,,
dc/14th%20St%20and%20Meridian%20Pl%20NW.txt,14TH STREET / MERIDIAN PLACE,VEHICLES - HEAVY VEHICLES - BICYCLES,2/23/2012,16:00-16:15,0,93,4,7,0,2,1,117,0,0,0,0,4,21,6,0,,,,,,
dc/14th%20St%20and%20Meridian%20Pl%20NW.txt,14TH STREET / MERIDIAN PLACE,VEHICLES - HEAVY VEHICLES - BICYCLES,2/23/2012,16:15-16:30,0,113,19,7,0,0,1,102,0,0,0,0,13,38,9,0,,,,,,
dc/14th%20St%20and%20Meridian%20Pl%20NW.txt,14TH STREET / MERIDIAN PLACE,VEHICLES - HEAVY VEHICLES - BICYCLES,2/23/2012,16:30-16:45,0,87,12,4,0,2,4,98,0,0,0,0,13,22,8,0,,,,,,
dc/14th%20St%20and%20Meridian%20Pl%20NW.txt,14TH STREET / MERIDIAN PLACE,VEHICLES - HEAVY VEHICLES - BICYCLES,2/23/2012,16:45-17:00,0,94,11,3,0,0,3,92,0,0,0,0,11,29,5,0,,,,,,
dc/14th%20St%20and%20Meridian%20Pl%20NW.txt,14TH STREET / MERIDIAN PLACE,VEHICLES - HEAVY VEHICLES - BICYCLES,2/23/2012,17:00-17:15,0,82,9,1,0,1,3,116,0,0,0,0,12,40,4,0,,,,,,
dc/14th%20St%20and%20Meridian%20Pl%20NW.txt,14TH STREET / MERIDIAN PLACE,VEHICLES - HEAVY VEHICLES - BICYCLES,2/23/2012,17:15-17:30,0,105,9,7,0,1,2,134,0,0,0,0,5,33,5,0,,,,,,
dc/14th%20St%20and%20Meridian%20Pl%20NW.txt,14TH STREET / MERIDIAN PLACE,VEHICLES - HEAVY VEHICLES - BICYCLES,2/23/2012,17:30-17:45,0,114,9,4,0,2,3,115,0,0,0,0,8,28,4,0,,,,,,
dc/14th%20St%20and%20Meridian%20Pl%20NW.txt,14TH STREET / MERIDIAN PLACE,VEHICLES - HEAVY VEHICLES - BICYCLES,2/23/2012,17:45-18:00,0,87,9,7,0,3,4,129,0,0,0,0,17,19,7,0,,,,,,
dc/14th %20Varnum%20and%20Arkansas%20Ave%20NW.txt,14TH STREET / ARKANSAS AVENUE / VARNUM STREET,VEHICLES - HEAVY VEHICLES - BICYCLES,3/13/2012,07:00-07:15,,52,,,,,,44,,0,,,1,,0,0,,,,,,
dc/14th %20Varnum%20and%20Arkansas%20Ave%20NW.txt,14TH STREET / ARKANSAS AVENUE / VARNUM STREET,VEHICLES - HEAVY VEHICLES - BICYCLES,3/13/2012,07:15-07:30,,83,,,,,,54,,4,,,0,,3,1,,,,,,
dc/14th %20Varnum%20and%20Arkansas%20Ave%20NW.txt,14TH STREET / ARKANSAS AVENUE / VARNUM STREET,VEHICLES - HEAVY VEHICLES - BICYCLES,3/13/2012,07:30-07:45,,95,,,,,,45,,6,,,2,,1,3,,,,,,
dc/14th %20Varnum%20and%20Arkansas%20Ave%20NW.txt,14TH STREET / ARKANSAS AVENUE / VARNUM STREET,VEHICLES - HEAVY VEHICLES - BICYCLES,3/13/2012,07:45-08:00,,115,,,,,,53,,5,,,2,,0,2,,,,,,
dc/14th %20Varnum%20and%20Arkansas%20Ave%20NW.txt,14TH STREET / ARKANSAS AVENUE / VARNUM STREET,VEHICLES - HEAVY VEHICLES - BICYCLES,3/13/2012,08:00-08:15,,95,,,,,,54,,9,,,1,,0,1,,,,,,
dc/14th %20Varnum%20and%20Arkansas%20Ave%20NW.txt,14TH STREET / ARKANSAS AVENUE / VARNUM STREET,VEHICLES - HEAVY VEHICLES - BICYCLES,3/13/2012,08:15-08:30,,82,,,,,,51,,12,,,3,,0,1,,,,,,
dc/14th %20Varnum%20and%20Arkansas%20Ave%20NW.txt,14TH STREET / ARKANSAS AVENUE / VARNUM STREET,VEHICLES - HEAVY VEHICLES - BICYCLES,3/13/2012,08:30-08:45,,106,,,,,,54,,12,,,1,,2,1,,,,,,
dc/14th %20Varnum%20and%20Arkansas%20Ave%20NW.txt,14TH STREET / ARKANSAS AVENUE / VARNUM STREET,VEHICLES - HEAVY VEHICLES - BICYCLES,3/13/2012,08:45-09:00,,111,,,,,,59,,11,,,2,,1,2,,,,,,
dc/14th %20Varnum%20and%20Arkansas%20Ave%20NW.txt,14TH STREET / ARKANSAS AVENUE / VARNUM STREET,VEHICLES - HEAVY VEHICLES - BICYCLES,3/13/2012,16:00-16:15,,54,,,,,,73,,2,,,0,,3,1,,,,,,
dc/14th %20Varnum%20and%20Arkansas%20Ave%20NW.txt,14TH STREET / ARKANSAS AVENUE / VARNUM STREET,VEHICLES - HEAVY VEHICLES - BICYCLES,3/13/2012,16:15-16:30,,66,,,,,,75,,3,,,0,,9,0,,,,,,
dc/14th %20Varnum%20and%20Arkansas%20Ave%20NW.txt,14TH STREET / ARKANSAS AVENUE / VARNUM STREET,VEHICLES - HEAVY VEHICLES - BICYCLES,3/13/2012,16:30-16:45,,64,,,,,,88,,3,,,1,,4,0,,,,,,
dc/14th %20Varnum%20and%20Arkansas%20Ave%20NW.txt,14TH STREET / ARKANSAS AVENUE / VARNUM STREET,VEHICLES - HEAVY VEHICLES - BICYCLES,3/13/2012,16:45-17:00,,58,,,,,,88,,4,,,2,,2,1,,,,,,
dc/14th %20Varnum%20and%20Arkansas%20Ave%20NW.txt,14TH STREET / ARKANSAS AVENUE / VARNUM STREET,VEHICLES - HEAVY VEHICLES - BICYCLES,3/13/2012,17:00-17:15,,60,,,,,,95,,3,,,5,,12,0,,,,,,
dc/14th %20Varnum%20and%20Arkansas%20Ave%20NW.txt,14TH STREET / ARKANSAS AVENUE / VARNUM STREET,VEHICLES - HEAVY VEHICLES - BICYCLES,3/13/2012,17:15-17:30,,64,,,,,,102,,1,,,3,,2,0,,,,,,
dc/14th %20Varnum%20and%20Arkansas%20Ave%20NW.txt,14TH STREET / ARKANSAS AVENUE / VARNUM STREET,VEHICLES - HEAVY VEHICLES - BICYCLES,3/13/2012,17:30-17:45,,56,,,,,,90,,3,,,5,,8,6,,,,,,
dc/14th %20Varnum%20and%20Arkansas%20Ave%20NW.txt,14TH STREET / ARKANSAS AVENUE / VARNUM STREET,VEHICLES - HEAVY VEHICLES - BICYCLES,3/13/2012,17:45-18:00,,74,,,,,,112,,4,,,2,,3,1,,,,,,
dc/17th%20St%20and%20A%20St%20SE.txt,17TH STREET / A STREET,VEHICLES - HEAVY VEHICLES - BICYCLES,3/6/2012,07:00-07:15,1,131,0,0,3,2,0,0,0,0,2,0,8,0,1,0,,,,,,
dc/17th%20St%20and%20A%20St%20SE.txt,17TH STREET / A STREET,VEHICLES - HEAVY VEHICLES - BICYCLES,3/6/2012,07:15-07:30,2,180,4,0,4,5,0,0,0,0,0,0,9,8,2,1,,,,,,
dc/17th%20St%20and%20A%20St%20SE.txt,17TH STREET / A STREET,VEHICLES - HEAVY VEHICLES - BICYCLES,3/6/2012,07:30-07:45,3,221,2,0,8,9,0,0,0,1,7,0,10,5,9,1,,,,,,
dc/17th%20St%20and%20A%20St%20SE.txt,17TH STREET / A STREET,VEHICLES - HEAVY VEHICLES - BICYCLES,3/6/2012,07:45-08:00,5,258,0,0,11,11,0,0,0,2,2,0,4,0,7,4,,,,,,
dc/17th%20St%20and%20A%20St%20SE.txt,17TH STREET / A STREET,VEHICLES - HEAVY VEHICLES - BICYCLES,3/6/2012,08:00-08:15,8,301,3,0,6,11,0,0,0,1,4,0,6,0,7,0,,,,,,
dc/17th%20St%20and%20A%20St%20SE.txt,17TH STREET / A STREET,VEHICLES - HEAVY VEHICLES - BICYCLES,3/6/2012,08:15-08:30,6,255,5,0,9,14,0,0,0,1,2,0,1,1,2,1,,,,,,
dc/17th%20St%20and%20A%20St%20SE.txt,17TH STREET / A STREET,VEHICLES - HEAVY VEHICLES - BICYCLES,3/6/2012,08:30-08:45,10,293,2,0,8,13,0,0,0,1,3,0,5,2,4,1,,,,,,
dc/17th%20St%20and%20A%20St%20SE.txt,17TH STREET / A STREET,VEHICLES - HEAVY VEHICLES - BICYCLES,3/6/2012,08:45-09:00,6,239,2,0,3,5,0,0,0,0,1,0,4,0,7,0,,,,,,
dc/17th%20St%20and%20A%20St%20SE.txt,17TH STREET / A STREET,VEHICLES - HEAVY VEHICLES - BICYCLES,3/6/2012,16:00-16:15,2,147,2,0,4,6,0,0,0,0,0,0,1,0,5,2,,,,,,
dc/17th%20St%20and%20A%20St%20SE.txt,17TH STREET / A STREET,VEHICLES - HEAVY VEHICLES - BICYCLES,3/6/2012,16:15-16:30,2,194,1,0,4,4,0,0,0,3,3,0,3,3,3,0,,,,,,
dc/17th%20St%20and%20A%20St%20SE.txt,17TH STREET / A STREET,VEHICLES - HEAVY VEHICLES - BICYCLES,3/6/2012,16:30-16:45,3,198,4,0,4,6,0,0,0,0,3,0,4,0,5,1,,,,,,
dc/17th%20St%20and%20A%20St%20SE.txt,17TH STREET / A STREET,VEHICLES - HEAVY VEHICLES - BICYCLES,3/6/2012,16:45-17:00,4,168,3,0,3,5,0,0,0,0,2,0,3,5,9,1,,,,,,
dc/17th%20St%20and%20A%20St%20SE.txt,17TH STREET / A STREET,VEHICLES - HEAVY VEHICLES - BICYCLES,3/6/2012,17:00-17:15,2,190,5,0,1,5,0,0,0,3,0,0,8,7,5,0,,,,,,
dc/17th%20St%20and%20A%20St%20SE.txt,17TH STREET / A STREET,VEHICLES - HEAVY VEHICLES - BICYCLES,3/6/2012,17:15-17:30,0,187,7,0,2,1,0,0,0,2,2,0,4,0,3,1,,,,,,
dc/17th%20St%20and%20A%20St%20SE.txt,17TH STREET / A STREET,VEHICLES - HEAVY VEHICLES - BICYCLES,3/6/2012,17:30-17:45,2,172,1,0,3,4,0,0,0,5,7,0,9,2,3,1,,,,,,
dc/17th%20St%20and%20A%20St%20SE.txt,17TH STREET / A STREET,VEHICLES - HEAVY VEHICLES - BICYCLES,3/6/2012,17:45-18:00,4,210,2,0,3,5,0,0,0,2,0,0,5,4,9,4,,,,,,
dc/17th%20and%20Franklin%20Street%20NE.txt,17TH STREET / FRANKLIN STREET,VEHICLES - HEAVY VEHICLES,2/16/2012,07:00-07:15,1,5,1,2,100,2,1,4,1,0,38,0,0,0,0,0,,,,,,
dc/17th%20and%20Franklin%20Street%20NE.txt,17TH STREET / FRANKLIN STREET,VEHICLES - HEAVY VEHICLES,2/16/2012,07:15-07:30,0,1,0,0,112,1,0,4,0,1,36,0,0,0,0,0,,,,,,
dc/17th%20and%20Franklin%20Street%20NE.txt,17TH STREET / FRANKLIN STREET,VEHICLES - HEAVY VEHICLES,2/16/2012,07:30-07:45,1,0,1,2,128,2,0,3,0,0,52,0,0,1,1,0,,,,,,
dc/17th%20and%20Franklin%20Street%20NE.txt,17TH STREET / FRANKLIN STREET,VEHICLES - HEAVY VEHICLES,2/16/2012,07:45-08:00,2,5,0,3,111,1,2,4,0,2,76,1,0,0,0,0,,,,,,
dc/17th%20and%20Franklin%20Street%20NE.txt,17TH STREET / FRANKLIN STREET,VEHICLES - HEAVY VEHICLES,2/16/2012,08:00-08:15,0,2,0,5,127,4,0,2,0,0,66,0,3,1,3,0,,,,,,
dc/17th%20and%20Franklin%20Street%20NE.txt,17TH STREET / FRANKLIN STREET,VEHICLES - HEAVY VEHICLES,2/16/2012,08:15-08:30,1,3,1,5,119,3,0,3,0,0,55,2,0,4,1,1,,,,,,
dc/17th%20and%20Franklin%20Street%20NE.txt,17TH STREET / FRANKLIN STREET,VEHICLES - HEAVY VEHICLES,2/16/2012,08:30-08:45,2,5,0,2,120,1,2,5,0,1,64,1,1,1,0,0,,,,,,
dc/17th%20and%20Franklin%20Street%20NE.txt,17TH STREET / FRANKLIN STREET,VEHICLES - HEAVY VEHICLES,2/16/2012,08:45-09:00,1,1,2,3,120,5,2,4,1,2,64,1,2,0,0,0,,,,,,
dc/17th%20and%20Franklin%20Street%20NE.txt,17TH STREET / FRANKLIN STREET,VEHICLES - HEAVY VEHICLES,2/16/2012,16:00-16:15,1,9,2,3,91,0,2,4,2,2,72,0,2,1,0,0,,,,,,
dc/17th%20and%20Franklin%20Street%20NE.txt,17TH STREET / FRANKLIN STREET,VEHICLES - HEAVY VEHICLES,2/16/2012,16:15-16:30,0,1,0,3,108,0,1,2,2,0,47,5,0,0,1,1,,,,,,
dc/17th%20and%20Franklin%20Street%20NE.txt,17TH STREET / FRANKLIN STREET,VEHICLES - HEAVY VEHICLES,2/16/2012,16:30-16:45,0,4,1,3,116,0,0,2,0,1,67,2,0,0,1,0,,,,,,
dc/17th%20and%20Franklin%20Street%20NE.txt,17TH STREET / FRANKLIN STREET,VEHICLES - HEAVY VEHICLES,2/16/2012,16:45-17:00,1,4,1,3,102,0,2,4,3,2,56,1,1,1,0,4,,,,,,
dc/17th%20and%20Franklin%20Street%20NE.txt,17TH STREET / FRANKLIN STREET,VEHICLES - HEAVY VEHICLES,2/16/2012,17:00-17:15,0,6,0,2,98,0,1,4,1,0,77,0,0,0,2,0,,,,,,
dc/17th%20and%20Franklin%20Street%20NE.txt,17TH STREET / FRANKLIN STREET,VEHICLES - HEAVY VEHICLES,2/16/2012,17:15-17:30,0,1,1,1,113,2,0,2,1,0,54,1,0,1,2,0,,,,,,
dc/17th%20and%20Franklin%20Street%20NE.txt,17TH STREET / FRANKLIN STREET,VEHICLES - HEAVY VEHICLES,2/16/2012,17:30-17:45,1,3,1,3,130,0,3,3,4,0,62,1,0,1,1,0,,,,,,
dc/17th%20and%20Franklin%20Street%20NE.txt,17TH STREET / FRANKLIN STREET,VEHICLES - HEAVY VEHICLES,2/16/2012,17:45-18:00,1,3,1,4,129,1,4,7,3,0,77,1,0,0,0,1,,,,,,
dc/22nd%20St%20and%20Prout%20St%20SE.txt,22ND STREET / PROUT STREET,VEHICLES - HEAVY VEHICLES,1/24/2012,07:00-07:15,0,21,,,,,,0,0,0,,0,0,,0,0,,,,,,
dc/22nd%20St%20and%20Prout%20St%20SE.txt,22ND STREET / PROUT STREET,VEHICLES - HEAVY VEHICLES,1/24/2012,07:15-07:30,0,22,,,,,,0,0,0,,0,0,,0,0,,,,,,
dc/22nd%20St%20and%20Prout%20St%20SE.txt,22ND STREET / PROUT STREET,VEHICLES - HEAVY VEHICLES,1/24/2012,07:30-07:45,0,32,,,,,,0,0,0,,0,2,,0,0,,,,,,
dc/22nd%20St%20and%20Prout%20St%20SE.txt,22ND STREET / PROUT STREET,VEHICLES - HEAVY VEHICLES,1/24/2012,07:45-08:00,0,36,,,,,,0,0,0,,0,0,,0,0,,,,,,
dc/22nd%20St%20and%20Prout%20St%20SE.txt,22ND STREET / PROUT STREET,VEHICLES - HEAVY VEHICLES,1/24/2012,08:00-08:15,0,44,,,,,,0,0,0,,0,0,,0,0,,,,,,
dc/22nd%20St%20and%20Prout%20St%20SE.txt,22ND STREET / PROUT STREET,VEHICLES - HEAVY VEHICLES,1/24/2012,08:15-08:30,0,25,,,,,,0,0,0,,0,0,,0,0,,,,,,
dc/22nd%20St%20and%20Prout%20St%20SE.txt,22ND STREET / PROUT STREET,VEHICLES - HEAVY VEHICLES,1/24/2012,08:30-08:45,0,21,,,,,,0,0,0,,0,0,,0,0,,,,,,
dc/22nd%20St%20and%20Prout%20St%20SE.txt,22ND STREET / PROUT STREET,VEHICLES - HEAVY VEHICLES,1/24/2012,08:45-09:00,0,29,,,,,,0,0,0,,0,0,,0,0,,,,,,
dc/22nd%20St%20and%20Prout%20St%20SE.txt,22ND STREET / PROUT STREET,VEHICLES - HEAVY VEHICLES,1/24/2012,16:00-16:15,0,43,,,,,,0,0,0,,0,0,,0,0,,,,,,
dc/22nd%20St%20and%20Prout%20St%20SE.txt,22ND STREET / PROUT STREET,VEHICLES - HEAVY VEHICLES,1/24/2012,16:15-16:30,0,57,,,,,,0,0,0,,0,1,,0,0,,,,,,
dc/22nd%20St%20and%20Prout%20St%20SE.txt,22ND STREET / PROUT STREET,VEHICLES - HEAVY VEHICLES,1/24/2012,16:30-16:45,0,49,,,,,,0,0,0,,0,0,,0,0,,,,,,
dc/22nd%20St%20and%20Prout%20St%20SE.txt,22ND STREET / PROUT STREET,VEHICLES - HEAVY VEHICLES,1/24/2012,16:45-17:00,0,57,,,,,,0,0,0,,0,0,,0,0,,,,,,
dc/22nd%20St%20and%20Prout%20St%20SE.txt,22ND STREET / PROUT STREET,VEHICLES - HEAVY VEHICLES,1/24/2012,17:00-17:15,0,70,,,,,,0,0,0,,0,0,,0,0,,,,,,
dc/22nd%20St%20and%20Prout%20St%20SE.txt,22ND STREET / PROUT STREET,VEHICLES - HEAVY VEHICLES,1/24/2012,17:15-17:30,0,67,,,,,,0,0,0,,0,0,,0,0,,,,,,
dc/22nd%20St%20and%20Prout%20St%20SE.txt,22ND STREET / PROUT STREET,VEHICLES - HEAVY VEHICLES,1/24/2012,17:30-17:45,0,49,,,,,,0,0,0,,0,0,,1,0,,,,,,
dc/22nd%20St%20and%20Prout%20St%20SE.txt,22ND STREET / PROUT STREET,VEHICLES - HEAVY VEHICLES,1/24/2012,17:45-18:00,0,63,,,,,,0,0,0,,0,0,,0,0,,,,,,
dc/2ND%20STREET%20AND%20K%20STREET%20SE.txt,2ND STREET / K STREET,Unshifted - Bank 1 - Bank 2,12/8/2011,07:00-07:15,4,2,0,0,25,9,9,1,3,4,27,6,9,1,6,16,,,,,,
dc/2ND%20STREET%20AND%20K%20STREET%20SE.txt,2ND STREET / K STREET,Unshifted - Bank 1 - Bank 2,12/8/2011,07:15-07:30,7,1,1,0,37,9,8,1,3,1,17,4,2,1,3,9,,,,,,
dc/2ND%20STREET%20AND%20K%20STREET%20SE.txt,2ND STREET / K STREET,Unshifted - Bank 1 - Bank 2,12/8/2011,07:30-07:45,3,2,1,0,17,4,5,4,5,3,20,2,10,5,3,27,,,,,,
dc/2ND%20STREET%20AND%20K%20STREET%20SE.txt,2ND STREET / K STREET,Unshifted - Bank 1 - Bank 2,12/8/2011,07:45-08:00,5,2,1,2,34,13,7,3,2,2,25,1,8,1,3,20,,,,,,
dc/2ND%20STREET%20AND%20K%20STREET%20SE.txt,2ND STREET / K STREET,Unshifted - Bank 1 - Bank 2,12/8/2011,08:00-08:15,2,3,2,0,26,5,2,3,9,2,22,2,4,2,6,14,,,,,,
dc/2ND%20STREET%20AND%20K%20STREET%20SE.txt,2ND STREET / K STREET,Unshifted - Bank 1 - Bank 2,12/8/2011,08:15-08:30,4,2,1,1,42,4,10,2,8,4,28,0,5,1,5,13,,,,,,
dc/2ND%20STREET%20AND%20K%20STREET%20SE.txt,2ND STREET / K STREET,Unshifted - Bank 1 - Bank 2,12/8/2011,08:30-08:45,6,1,2,1,43,10,11,3,14,5,23,1,3,1,2,14,,,,,,
dc/2ND%20STREET%20AND%20K%20STREET%20SE.txt,2ND STREET / K STREET,Unshifted - Bank 1 - Bank 2,12/8/2011,08:45-09:00,2,2,0,1,16,4,5,4,8,1,15,5,1,0,3,16,,,,,,
dc/2ND%20STREET%20AND%20K%20STREET%20SE.txt,2ND STREET / K STREET,Unshifted - Bank 1 - Bank 2,12/8/2011,16:00-16:15,8,1,0,0,22,4,10,2,3,3,34,2,4,0,4,21,,,,,,
dc/2ND%20STREET%20AND%20K%20STREET%20SE.txt,2ND STREET / K STREET,Unshifted - Bank 1 - Bank 2,12/8/2011,16:15-16:30,5,2,0,1,23,1,11,3,2,3,40,1,0,0,9,17,,,,,,
dc/2ND%20STREET%20AND%20K%20STREET%20SE.txt,2ND STREET / K STREET,Unshifted - Bank 1 - Bank 2,12/8/2011,16:30-16:45,5,2,0,2,23,2,11,1,3,4,28,0,4,0,5,18,,,,,,
dc/2ND%20STREET%20AND%20K%20STREET%20SE.txt,2ND STREET / K STREET,Unshifted - Bank 1 - Bank 2,12/8/2011,16:45-17:00,4,0,0,0,22,1,7,6,4,5,39,3,5,0,3,22,,,,,,
dc/2ND%20STREET%20AND%20K%20STREET%20SE.txt,2ND STREET / K STREET,Unshifted - Bank 1 - Bank 2,12/8/2011,17:00-17:15,5,4,0,0,25,7,9,0,0,5,49,1,3,0,9,21,,,,,,
dc/2ND%20STREET%20AND%20K%20STREET%20SE.txt,2ND STREET / K STREET,Unshifted - Bank 1 - Bank 2,12/8/2011,17:15-17:30,6,2,0,0,29,3,12,1,2,6,34,0,4,0,4,16,,,,,,
dc/2ND%20STREET%20AND%20K%20STREET%20SE.txt,2ND STREET / K STREET,Unshifted - Bank 1 - Bank 2,12/8/2011,17:30-17:45,3,2,0,0,22,1,13,1,4,7,40,2,1,2,3,7,,,,,,
dc/2ND%20STREET%20AND%20K%20STREET%20SE.txt,2ND STREET / K STREET,Unshifted - Bank 1 - Bank 2,12/8/2011,17:45-18:00,3,3,0,0,23,2,10,5,3,4,38,0,10,0,5,24,,,,,,
dc/34th%20St%20and%20Porter%20St%20NW.txt,34TH STREET / PORTER STREET,VEHICLES - HEAVY VEHICLES - BICYCLES,3/6/2012,07:00-07:15,3,95,5,3,34,12,6,39,2,1,25,3,1,2,1,1,,,,,,
dc/34th%20St%20and%20Porter%20St%20NW.txt,34TH STREET / PORTER STREET,VEHICLES - HEAVY VEHICLES - BICYCLES,3/6/2012,07:15-07:30,4,125,4,7,46,17,3,54,1,2,19,2,2,3,12,2,,,,,,
dc/34th%20St%20and%20Porter%20St%20NW.txt,34TH STREET / PORTER STREET,VEHICLES - HEAVY VEHICLES - BICYCLES,3/6/2012,07:30-07:45,11,158,3,13,67,22,10,89,1,8,53,7,3,0,10,6,,,,,,
dc/34th%20St%20and%20Porter%20St%20NW.txt,34TH STREET / PORTER STREET,VEHICLES - HEAVY VEHICLES - BICYCLES,3/6/2012,07:45-08:00,2,165,1,7,80,24,17,123,7,14,64,6,8,3,5,1,,,,,,
dc/34th%20St%20and%20Porter%20St%20NW.txt,34TH STREET / PORTER STREET,VEHICLES - HEAVY VEHICLES - BICYCLES,3/6/2012,08:00-08:15,4,151,6,13,55,15,8,96,3,4,65,14,3,1,7,6,,,,,,
dc/34th%20St%20and%20Porter%20St%20NW.txt,34TH STREET / PORTER STREET,VEHICLES - HEAVY VEHICLES - BICYCLES,3/6/2012,08:15-08:30,6,134,6,11,73,11,19,100,6,3,50,14,9,7,9,5,,,,,,
dc/34th%20St%20and%20Porter%20St%20NW.txt,34TH STREET / PORTER STREET,VEHICLES - HEAVY VEHICLES - BICYCLES,3/6/2012,08:30-08:45,3,130,4,9,56,13,14,96,4,5,52,15,5,4,4,4,,,,,,
dc/34th%20St%20and%20Porter%20St%20NW.txt,34TH STREET / PORTER STREET,VEHICLES - HEAVY VEHICLES - BICYCLES,3/6/2012,08:45-09:00,2,131,2,7,51,10,18,83,2,7,47,9,4,1,5,7,,,,,,
dc/34th%20St%20and%20Porter%20St%20NW.txt,34TH STREET / PORTER STREET,VEHICLES - HEAVY VEHICLES - BICYCLES,3/6/2012,16:00-16:15,7,104,14,4,30,7,6,140,2,3,45,6,1,7,5,5,,,,,,
dc/34th%20St%20and%20Porter%20St%20NW.txt,34TH STREET / PORTER STREET,VEHICLES - HEAVY VEHICLES - BICYCLES,3/6/2012,16:15-16:30,8,113,11,4,44,8,5,113,1,3,50,11,1,5,2,8,,,,,,
dc/34th%20St%20and%20Porter%20St%20NW.txt,34TH STREET / PORTER STREET,VEHICLES - HEAVY VEHICLES - BICYCLES,3/6/2012,16:30-16:45,0,96,22,8,34,8,14,119,3,4,50,14,1,2,4,11,,,,,,
dc/34th%20St%20and%20Porter%20St%20NW.txt,34TH STREET / PORTER STREET,VEHICLES - HEAVY VEHICLES - BICYCLES,3/6/2012,16:45-17:00,6,115,10,5,42,8,6,127,5,2,58,4,8,4,5,2,,,,,,
dc/34th%20St%20and%20Porter%20St%20NW.txt,34TH STREET / PORTER STREET,VEHICLES - HEAVY VEHICLES - BICYCLES,3/6/2012,17:00-17:15,6,117,18,10,41,5,14,151,3,2,70,9,9,6,8,1,,,,,,
dc/34th%20St%20and%20Porter%20St%20NW.txt,34TH STREET / PORTER STREET,VEHICLES - HEAVY VEHICLES - BICYCLES,3/6/2012,17:15-17:30,10,132,15,12,48,11,10,176,4,5,67,6,5,0,4,2,,,,,,
dc/34th%20St%20and%20Porter%20St%20NW.txt,34TH STREET / PORTER STREET,VEHICLES - HEAVY VEHICLES - BICYCLES,3/6/2012,17:30-17:45,1,140,18,8,50,4,8,143,9,4,55,5,7,3,10,5,,,,,,
dc/34th%20St%20and%20Porter%20St%20NW.txt,34TH STREET / PORTER STREET,VEHICLES - HEAVY VEHICLES - BICYCLES,3/6/2012,17:45-18:00,5,140,18,15,50,15,7,160,4,7,66,7,3,3,7,4,,,,,,
dc/38TH%20AND%20FESSENDEN%20STREET%20NW.txt,38TH STREET / FESSENDEN STREET,Unshifted - Bank 1 - Bank 2,12/6/2011,07:00-07:15,3,0,3,1,36,0,0,0,0,0,40,1,0,0,0,0,,,,,,
dc/38TH%20AND%20FESSENDEN%20STREET%20NW.txt,38TH STREET / FESSENDEN STREET,Unshifted - Bank 1 - Bank 2,12/6/2011,07:15-07:30,4,0,3,0,40,0,0,0,0,0,45,1,1,0,0,0,,,,,,
dc/38TH%20AND%20FESSENDEN%20STREET%20NW.txt,38TH STREET / FESSENDEN STREET,Unshifted - Bank 1 - Bank 2,12/6/2011,07:30-07:45,5,0,8,2,41,0,0,0,0,0,50,2,0,1,0,0,,,,,,
dc/38TH%20AND%20FESSENDEN%20STREET%20NW.txt,38TH STREET / FESSENDEN STREET,Unshifted - Bank 1 - Bank 2,12/6/2011,07:45-08:00,7,0,3,2,58,0,0,0,0,0,39,1,2,2,0,0,,,,,,
dc/38TH%20AND%20FESSENDEN%20STREET%20NW.txt,38TH STREET / FESSENDEN STREET,Unshifted - Bank 1 - Bank 2,12/6/2011,08:00-08:15,10,0,3,1,73,0,0,0,0,0,50,2,1,1,0,0,,,,,,
dc/38TH%20AND%20FESSENDEN%20STREET%20NW.txt,38TH STREET / FESSENDEN STREET,Unshifted - Bank 1 - Bank 2,12/6/2011,08:15-08:30,4,0,6,0,69,0,0,0,0,0,62,2,0,0,0,0,,,,,,
dc/38TH%20AND%20FESSENDEN%20STREET%20NW.txt,38TH STREET / FESSENDEN STREET,Unshifted - Bank 1 - Bank 2,12/6/2011,08:30-08:45,8,0,5,3,52,0,0,0,0,0,55,0,7,0,0,0,,,,,,
dc/38TH%20AND%20FESSENDEN%20STREET%20NW.txt,38TH STREET / FESSENDEN STREET,Unshifted - Bank 1 - Bank 2,12/6/2011,08:45-09:00,9,0,1,2,53,0,0,0,0,0,36,2,0,3,0,0,,,,,,
dc/38TH%20AND%20FESSENDEN%20STREET%20NW.txt,38TH STREET / FESSENDEN STREET,Unshifted - Bank 1 - Bank 2,12/6/2011,16:00-16:15,2,0,0,2,53,0,0,0,0,0,55,5,1,0,0,0,,,,,,
dc/38TH%20AND%20FESSENDEN%20STREET%20NW.txt,38TH STREET / FESSENDEN STREET,Unshifted - Bank 1 - Bank 2,12/6/2011,16:15-16:30,2,0,2,0,37,0,0,0,0,0,49,0,1,0,0,0,,,,,,
dc/38TH%20AND%20FESSENDEN%20STREET%20NW.txt,38TH STREET / FESSENDEN STREET,Unshifted - Bank 1 - Bank 2,12/6/2011,16:30-16:45,7,0,1,1,44,0,0,0,0,0,44,2,0,0,0,0,,,,,,
dc/38TH%20AND%20FESSENDEN%20STREET%20NW.txt,38TH STREET / FESSENDEN STREET,Unshifted - Bank 1 - Bank 2,12/6/2011,16:45-17:00,2,0,2,1,55,0,0,0,0,0,51,0,1,1,0,0,,,,,,
dc/38TH%20AND%20FESSENDEN%20STREET%20NW.txt,38TH STREET / FESSENDEN STREET,Unshifted - Bank 1 - Bank 2,12/6/2011,17:00-17:15,1,0,0,2,47,0,0,0,0,0,54,5,1,0,0,0,,,,,,
dc/38TH%20AND%20FESSENDEN%20STREET%20NW.txt,38TH STREET / FESSENDEN STREET,Unshifted - Bank 1 - Bank 2,12/6/2011,17:15-17:30,1,0,0,3,53,0,0,0,0,0,50,3,0,0,0,0,,,,,,
dc/38TH%20AND%20FESSENDEN%20STREET%20NW.txt,38TH STREET / FESSENDEN STREET,Unshifted - Bank 1 - Bank 2,12/6/2011,17:30-17:45,3,0,2,0,52,0,0,0,0,0,44,2,1,0,0,0,,,,,,
dc/38TH%20AND%20FESSENDEN%20STREET%20NW.txt,38TH STREET / FESSENDEN STREET,Unshifted - Bank 1 - Bank 2,12/6/2011,17:45-18:00,2,0,0,3,65,0,0,0,0,0,64,0,1,1,0,0,,,,,,
dc/3rd%20St%20and%20Rhode%20Island%20Ave%20NE.txt,3RD STREET / RHODE ISLAND AVENUE,VEHICLES - HEAVY VEHICLES - BICYCLES,3/7/2012,07:00-07:15,,0,,,,,,2,,,,,4,,4,,,,,,,
dc/3rd%20St%20and%20Rhode%20Island%20Ave%20NE.txt,3RD STREET / RHODE ISLAND AVENUE,VEHICLES - HEAVY VEHICLES - BICYCLES,3/7/2012,07:15-07:30,,0,,,,,,0,,,,,8,,5,,,,,,,
dc/3rd%20St%20and%20Rhode%20Island%20Ave%20NE.txt,3RD STREET / RHODE ISLAND AVENUE,VEHICLES - HEAVY VEHICLES - BICYCLES,3/7/2012,07:30-07:45,,0,,,,,,4,,,,,9,,4,,,,,,,
dc/3rd%20St%20and%20Rhode%20Island%20Ave%20NE.txt,3RD STREET / RHODE ISLAND AVENUE,VEHICLES - HEAVY VEHICLES - BICYCLES,3/7/2012,07:45-08:00,,0,,,,,,1,,,,,3,,10,,,,,,,
dc/3rd%20St%20and%20Rhode%20Island%20Ave%20NE.txt,3RD STREET / RHODE ISLAND AVENUE,VEHICLES - HEAVY VEHICLES - BICYCLES,3/7/2012,08:00-08:15,,0,,,,,,1,,,,,6,,5,,,,,,,
dc/3rd%20St%20and%20Rhode%20Island%20Ave%20NE.txt,3RD STREET / RHODE ISLAND AVENUE,VEHICLES - HEAVY VEHICLES - BICYCLES,3/7/2012,08:15-08:30,,0,,,,,,3,,,,,15,,6,,,,,,,
dc/3rd%20St%20and%20Rhode%20Island%20Ave%20NE.txt,3RD STREET / RHODE ISLAND AVENUE,VEHICLES - HEAVY VEHICLES - BICYCLES,3/7/2012,08:30-08:45,,0,,,,,,4,,,,,5,,8,,,,,,,
dc/3rd%20St%20and%20Rhode%20Island%20Ave%20NE.txt,3RD STREET / RHODE ISLAND AVENUE,VEHICLES - HEAVY VEHICLES - BICYCLES,3/7/2012,08:45-09:00,,0,,,,,,1,,,,,6,,1,,,,,,,
dc/3rd%20St%20and%20Rhode%20Island%20Ave%20NE.txt,3RD STREET / RHODE ISLAND AVENUE,VEHICLES - HEAVY VEHICLES - BICYCLES,3/7/2012,09:00-09:15,,0,,,,,,0,,,,,0,,4,,,,,,,
dc/3rd%20St%20and%20Rhode%20Island%20Ave%20NE.txt,3RD STREET / RHODE ISLAND AVENUE,VEHICLES - HEAVY VEHICLES - BICYCLES,3/7/2012,09:15-09:30,,0,,,,,,1,,,,,7,,6,,,,,,,
dc/3rd%20St%20and%20Rhode%20Island%20Ave%20NE.txt,3RD STREET / RHODE ISLAND AVENUE,VEHICLES - HEAVY VEHICLES - BICYCLES,3/7/2012,09:30-09:45,,0,,,,,,3,,,,,4,,9,,,,,,,
dc/3rd%20St%20and%20Rhode%20Island%20Ave%20NE.txt,3RD STREET / RHODE ISLAND AVENUE,VEHICLES - HEAVY VEHICLES - BICYCLES,3/7/2012,09:45-10:00,,0,,,,,,1,,,,,10,,1,,,,,,,
dc/3rd%20St%20and%20Rhode%20Island%20Ave%20NE.txt,3RD STREET / RHODE ISLAND AVENUE,VEHICLES - HEAVY VEHICLES - BICYCLES,3/7/2012,10:00-10:15,,0,,,,,,1,,,,,3,,5,,,,,,,
dc/3rd%20St%20and%20Rhode%20Island%20Ave%20NE.txt,3RD STREET / RHODE ISLAND AVENUE,VEHICLES - HEAVY VEHICLES - BICYCLES,3/7/2012,10:15-10:30,,0,,,,,,3,,,,,0,,8,,,,,,,
dc/3rd%20St%20and%20Rhode%20Island%20Ave%20NE.txt,3RD STREET / RHODE ISLAND AVENUE,VEHICLES - HEAVY VEHICLES - BICYCLES,3/7/2012,10:30-10:45,,0,,,,,,2,,,,,1,,3,,,,,,,
dc/3rd%20St%20and%20Rhode%20Island%20Ave%20NE.txt,3RD STREET / RHODE ISLAND AVENUE,VEHICLES - HEAVY VEHICLES - BICYCLES,3/7/2012,10:45-11:00,,0,,,,,,1,,,,,3,,4,,,,,,,
dc/3rd%20St%20and%20Rhode%20Island%20Ave%20NE.txt,3RD STREET / RHODE ISLAND AVENUE,VEHICLES - HEAVY VEHICLES - BICYCLES,3/7/2012,11:00-11:15,,0,,,,,,1,,,,,2,,0,,,,,,,
dc/3rd%20St%20and%20Rhode%20Island%20Ave%20NE.txt,3RD STREET / RHODE ISLAND AVENUE,VEHICLES - HEAVY VEHICLES - BICYCLES,3/7/2012,11:15-11:30,,0,,,,,,2,,,,,1,,5,,,,,,,
dc/3rd%20St%20and%20Rhode%20Island%20Ave%20NE.txt,3RD STREET / RHODE ISLAND AVENUE,VEHICLES - HEAVY VEHICLES - BICYCLES,3/7/2012,11:30-11:45,,0,,,,,,2,,,,,3,,0,,,,,,,
dc/3rd%20St%20and%20Rhode%20Island%20Ave%20NE.txt,3RD STREET / RHODE ISLAND AVENUE,VEHICLES - HEAVY VEHICLES - BICYCLES,3/7/2012,11:45-12:00,,0,,,,,,4,,,,,10,,6,,,,,,,
dc/3rd%20St%20and%20Rhode%20Island%20Ave%20NE.txt,3RD STREET / RHODE ISLAND AVENUE,VEHICLES - HEAVY VEHICLES - BICYCLES,3/7/2012,12:00-12:15,,0,,,,,,1,,,,,1,,2,,,,,,,
dc/3rd%20St%20and%20Rhode%20Island%20Ave%20NE.txt,3RD STREET / RHODE ISLAND AVENUE,VEHICLES - HEAVY VEHICLES - BICYCLES,3/7/2012,12:15-12:30,,0,,,,,,3,,,,,1,,7,,,,,,,
dc/3rd%20St%20and%20Rhode%20Island%20Ave%20NE.txt,3RD STREET / RHODE ISLAND AVENUE,VEHICLES - HEAVY VEHICLES - BICYCLES,3/7/2012,12:30-12:45,,0,,,,,,2,,,,,3,,15,,,,,,,
dc/3rd%20St%20and%20Rhode%20Island%20Ave%20NE.txt,3RD STREET / RHODE ISLAND AVENUE,VEHICLES - HEAVY VEHICLES - BICYCLES,3/7/2012,12:45-13:00,,0,,,,,,2,,,,,1,,6,,,,,,,
dc/3rd%20St%20and%20Rhode%20Island%20Ave%20NE.txt,3RD STREET / RHODE ISLAND AVENUE,VEHICLES - HEAVY VEHICLES - BICYCLES,3/7/2012,13:00-13:15,,0,,,,,,1,,,,,2,,10,,,,,,,
dc/3rd%20St%20and%20Rhode%20Island%20Ave%20NE.txt,3RD STREET / RHODE ISLAND AVENUE,VEHICLES - HEAVY VEHICLES - BICYCLES,3/7/2012,13:15-13:30,,0,,,,,,3,,,,,2,,3,,,,,,,
dc/3rd%20St%20and%20Rhode%20Island%20Ave%20NE.txt,3RD STREET / RHODE ISLAND AVENUE,VEHICLES - HEAVY VEHICLES - BICYCLES,3/7/2012,13:30-13:45,,0,,,,,,1,,,,,0,,3,,,,,,,
dc/3rd%20St%20and%20Rhode%20Island%20Ave%20NE.txt,3RD STREET / RHODE ISLAND AVENUE,VEHICLES - HEAVY VEHICLES - BICYCLES,3/7/2012,13:45-14:00,,0,,,,,,3,,,,,1,,1,,,,,,,
dc/3rd%20St%20and%20Rhode%20Island%20Ave%20NE.txt,3RD STREET / RHODE ISLAND AVENUE,VEHICLES - HEAVY VEHICLES - BICYCLES,3/7/2012,14:00-14:15,,0,,,,,,3,,,,,6,,2,,,,,,,
dc/3rd%20St%20and%20Rhode%20Island%20Ave%20NE.txt,3RD STREET / RHODE ISLAND AVENUE,VEHICLES - HEAVY VEHICLES - BICYCLES,3/7/2012,14:15-14:30,,0,,,,,,3,,,,,0,,2,,,,,,,
dc/3rd%20St%20and%20Rhode%20Island%20Ave%20NE.txt,3RD STREET / RHODE ISLAND AVENUE,VEHICLES - HEAVY VEHICLES - BICYCLES,3/7/2012,14:30-14:45,,0,,,,,,0,,,,,1,,4,,,,,,,
dc/3rd%20St%20and%20Rhode%20Island%20Ave%20NE.txt,3RD STREET / RHODE ISLAND AVENUE,VEHICLES - HEAVY VEHICLES - BICYCLES,3/7/2012,14:45-15:00,,0,,,,,,5,,,,,2,,5,,,,,,,
dc/3rd%20St%20and%20Rhode%20Island%20Ave%20NE.txt,3RD STREET / RHODE ISLAND AVENUE,VEHICLES - HEAVY VEHICLES - BICYCLES,3/7/2012,15:00-15:15,,0,,,,,,5,,,,,2,,6,,,,,,,
dc/3rd%20St%20and%20Rhode%20Island%20Ave%20NE.txt,3RD STREET / RHODE ISLAND AVENUE,VEHICLES - HEAVY VEHICLES - BICYCLES,3/7/2012,15:15-15:30,,1,,,,,,2,,,,,4,,11,,,,,,,
dc/3rd%20St%20and%20Rhode%20Island%20Ave%20NE.txt,3RD STREET / RHODE ISLAND AVENUE,VEHICLES - HEAVY VEHICLES - BICYCLES,3/7/2012,15:30-15:45,,0,,,,,,4,,,,,4,,12,,,,,,,
dc/3rd%20St%20and%20Rhode%20Island%20Ave%20NE.txt,3RD STREET / RHODE ISLAND AVENUE,VEHICLES - HEAVY VEHICLES - BICYCLES,3/7/2012,15:45-16:00,,0,,,,,,1,,,,,0,,8,,,,,,,
dc/3rd%20St%20and%20Rhode%20Island%20Ave%20NE.txt,3RD STREET / RHODE ISLAND AVENUE,VEHICLES - HEAVY VEHICLES - BICYCLES,3/7/2012,16:00-16:15,,0,,,,,,1,,,,,1,,8,,,,,,,
dc/3rd%20St%20and%20Rhode%20Island%20Ave%20NE.txt,3RD STREET / RHODE ISLAND AVENUE,VEHICLES - HEAVY VEHICLES - BICYCLES,3/7/2012,16:15-16:30,,0,,,,,,1,,,,,0,,10,,,,,,,
dc/3rd%20St%20and%20Rhode%20Island%20Ave%20NE.txt,3RD STREET / RHODE ISLAND AVENUE,VEHICLES - HEAVY VEHICLES - BICYCLES,3/7/2012,16:30-16:45,,0,,,,,,5,,,,,1,,9,,,,,,,
dc/3rd%20St%20and%20Rhode%20Island%20Ave%20NE.txt,3RD STREET / RHODE ISLAND AVENUE,VEHICLES - HEAVY VEHICLES - BICYCLES,3/7/2012,16:45-17:00,,0,,,,,,1,,,,,4,,18,,,,,,,
dc/3rd%20St%20and%20Rhode%20Island%20Ave%20NE.txt,3RD STREET / RHODE ISLAND AVENUE,VEHICLES - HEAVY VEHICLES - BICYCLES,3/7/2012,07:30-07:45,,0,,,,,,4,,,,,9,,4,,,,,,,
dc/3rd%20St%20and%20Rhode%20Island%20Ave%20NE.txt,3RD STREET / RHODE ISLAND AVENUE,VEHICLES - HEAVY VEHICLES - BICYCLES,3/7/2012,07:45-08:00,,0,,,,,,1,,,,,3,,10,,,,,,,
dc/3rd%20St%20and%20Rhode%20Island%20Ave%20NE.txt,3RD STREET / RHODE ISLAND AVENUE,VEHICLES - HEAVY VEHICLES - BICYCLES,3/7/2012,08:00-08:15,,0,,,,,,1,,,,,6,,5,,,,,,,
dc/3rd%20St%20and%20Rhode%20Island%20Ave%20NE.txt,3RD STREET / RHODE ISLAND AVENUE,VEHICLES - HEAVY VEHICLES - BICYCLES,3/7/2012,08:15-08:30,,0,,,,,,3,,,,,15,,6,,,,,,,
dc/43rd%20Street%20and%20Alton%20Place%20NW.txt,43RD STREET / ALTON PLACE,VEHICLES - HEAVY VEHICLES - BICYCLES,2/21/2012,07:00-07:15,0,8,0,0,0,0,0,3,0,0,0,0,0,1,0,0,,,,,,
dc/43rd%20Street%20and%20Alton%20Place%20NW.txt,43RD STREET / ALTON PLACE,VEHICLES - HEAVY VEHICLES - BICYCLES,2/21/2012,07:15-07:30,0,23,0,0,1,1,2,3,0,1,0,0,3,0,4,2,,,,,,
dc/43rd%20Street%20and%20Alton%20Place%20NW.txt,43RD STREET / ALTON PLACE,VEHICLES - HEAVY VEHICLES - BICYCLES,2/21/2012,07:30-07:45,0,32,0,0,0,0,0,3,0,2,0,0,3,0,5,2,,,,,,
dc/43rd%20Street%20and%20Alton%20Place%20NW.txt,43RD STREET / ALTON PLACE,VEHICLES - HEAVY VEHICLES - BICYCLES,2/21/2012,07:45-08:00,0,42,0,1,1,1,0,4,0,1,0,0,4,2,6,0,,,,,,
dc/43rd%20Street%20and%20Alton%20Place%20NW.txt,43RD STREET / ALTON PLACE,VEHICLES - HEAVY VEHICLES - BICYCLES,2/21/2012,08:00-08:15,0,33,1,0,0,0,1,6,0,2,4,0,6,0,5,2,,,,,,
dc/43rd%20Street%20and%20Alton%20Place%20NW.txt,43RD STREET / ALTON PLACE,VEHICLES - HEAVY VEHICLES - BICYCLES,2/21/2012,08:15-08:30,1,39,1,0,0,1,2,7,0,1,2,1,2,3,17,1,,,,,,
dc/43rd%20Street%20and%20Alton%20Place%20NW.txt,43RD STREET / ALTON PLACE,VEHICLES - HEAVY VEHICLES - BICYCLES,2/21/2012,08:30-08:45,0,42,0,2,0,1,1,11,2,1,5,2,5,1,24,7,,,,,,
dc/43rd%20Street%20and%20Alton%20Place%20NW.txt,43RD STREET / ALTON PLACE,VEHICLES - HEAVY VEHICLES - BICYCLES,2/21/2012,08:45-09:00,1,29,2,2,1,1,2,5,0,3,6,2,5,0,15,2,,,,,,
dc/43rd%20Street%20and%20Alton%20Place%20NW.txt,43RD STREET / ALTON PLACE,VEHICLES - HEAVY VEHICLES - BICYCLES,2/21/2012,16:00-16:15,0,10,0,0,0,0,0,6,1,1,1,1,0,3,7,1,,,,,,
dc/43rd%20Street%20and%20Alton%20Place%20NW.txt,43RD STREET / ALTON PLACE,VEHICLES - HEAVY VEHICLES - BICYCLES,2/21/2012,16:15-16:30,1,12,0,0,0,1,0,14,1,3,0,0,1,3,3,1,,,,,,
dc/43rd%20Street%20and%20Alton%20Place%20NW.txt,43RD STREET / ALTON PLACE,VEHICLES - HEAVY VEHICLES - BICYCLES,2/21/2012,16:30-16:45,2,12,0,1,1,0,0,9,1,0,0,0,1,0,8,0,,,,,,
dc/43rd%20Street%20and%20Alton%20Place%20NW.txt,43RD STREET / ALTON PLACE,VEHICLES - HEAVY VEHICLES - BICYCLES,2/21/2012,16:45-17:00,1,14,1,0,0,2,1,10,0,0,0,1,4,0,3,0,,,,,,
dc/43rd%20Street%20and%20Alton%20Place%20NW.txt,43RD STREET / ALTON PLACE,VEHICLES - HEAVY VEHICLES - BICYCLES,2/21/2012,17:00-17:15,0,22,0,1,0,1,0,11,2,0,0,0,2,1,2,2,,,,,,
dc/43rd%20Street%20and%20Alton%20Place%20NW.txt,43RD STREET / ALTON PLACE,VEHICLES - HEAVY VEHICLES - BICYCLES,2/21/2012,17:15-17:30,0,14,0,1,1,1,3,6,0,0,0,0,1,0,7,1,,,,,,
dc/43rd%20Street%20and%20Alton%20Place%20NW.txt,43RD STREET / ALTON PLACE,VEHICLES - HEAVY VEHICLES - BICYCLES,2/21/2012,17:30-17:45,1,18,1,2,2,1,4,9,0,0,0,0,6,0,7,0,,,,,,
dc/43rd%20Street%20and%20Alton%20Place%20NW.txt,43RD STREET / ALTON PLACE,VEHICLES - HEAVY VEHICLES - BICYCLES,2/21/2012,17:45-18:00,3,13,0,1,0,0,0,19,0,1,1,0,1,1,16,0,,,,,,
dc/4500%20Block%20of%20River%20Road%20NW.txt,45TH STREET / FESSENDEN STREET / RIVER ROAD,VEHICLES - HEAVY VEHICLES - BICYCLES,2/22/2012,07:00-07:15,1,1,0,1,2,0,0,1,0,0,0,0,1,1,0,0,,,,,,
dc/4500%20Block%20of%20River%20Road%20NW.txt,45TH STREET / FESSENDEN STREET / RIVER ROAD,VEHICLES - HEAVY VEHICLES - BICYCLES,2/22/2012,07:15-07:30,4,1,0,1,1,0,0,0,0,0,0,0,1,2,1,0,,,,,,
dc/4500%20Block%20of%20River%20Road%20NW.txt,45TH STREET / FESSENDEN STREET / RIVER ROAD,VEHICLES - HEAVY VEHICLES - BICYCLES,2/22/2012,07:30-07:45,6,2,0,2,4,0,0,1,0,0,0,2,3,5,0,1,,,,,,
dc/4500%20Block%20of%20River%20Road%20NW.txt,45TH STREET / FESSENDEN STREET / RIVER ROAD,VEHICLES - HEAVY VEHICLES - BICYCLES,2/22/2012,07:45-08:00,14,4,0,1,3,1,3,0,0,1,1,1,4,4,1,3,,,,,,
dc/4500%20Block%20of%20River%20Road%20NW.txt,45TH STREET / FESSENDEN STREET / RIVER ROAD,VEHICLES - HEAVY VEHICLES - BICYCLES,2/22/2012,08:00-08:15,11,2,1,4,1,0,1,1,0,0,2,1,0,5,2,3,,,,,,
dc/4500%20Block%20of%20River%20Road%20NW.txt,45TH STREET / FESSENDEN STREET / RIVER ROAD,VEHICLES - HEAVY VEHICLES - BICYCLES,2/22/2012,08:15-08:30,7,1,0,3,1,0,1,0,1,1,2,0,1,3,0,1,,,,,,
dc/4500%20Block%20of%20River%20Road%20NW.txt,45TH STREET / FESSENDEN STREET / RIVER ROAD,VEHICLES - HEAVY VEHICLES - BICYCLES,2/22/2012,08:30-08:45,3,2,0,3,1,2,1,1,0,0,2,2,1,3,0,4,,,,,,
dc/4500%20Block%20of%20River%20Road%20NW.txt,45TH STREET / FESSENDEN STREET / RIVER ROAD,VEHICLES - HEAVY VEHICLES - BICYCLES,2/22/2012,08:45-09:00,3,1,0,3,0,0,0,0,0,0,1,0,2,2,1,0,,,,,,
dc/4500%20Block%20of%20River%20Road%20NW.txt,45TH STREET / FESSENDEN STREET / RIVER ROAD,VEHICLES - HEAVY VEHICLES - BICYCLES,2/22/2012,09:00-09:15,4,1,1,2,1,0,1,1,0,1,1,3,1,5,0,0,,,,,,
dc/4500%20Block%20of%20River%20Road%20NW.txt,45TH STREET / FESSENDEN STREET / RIVER ROAD,VEHICLES - HEAVY VEHICLES - BICYCLES,2/22/2012,09:15-09:30,1,0,0,3,1,0,0,2,0,0,3,2,1,1,0,0,,,,,,
dc/4500%20Block%20of%20River%20Road%20NW.txt,45TH STREET / FESSENDEN STREET / RIVER ROAD,VEHICLES - HEAVY VEHICLES - BICYCLES,2/22/2012,07:30-07:45,6,2,0,2,4,0,0,1,0,0,0,2,3,5,0,1,,,,,,
dc/4500%20Block%20of%20River%20Road%20NW.txt,45TH STREET / FESSENDEN STREET / RIVER ROAD,VEHICLES - HEAVY VEHICLES - BICYCLES,2/22/2012,07:45-08:00,14,4,0,1,3,1,3,0,0,1,1,1,4,4,1,3,,,,,,
dc/4500%20Block%20of%20River%20Road%20NW.txt,45TH STREET / FESSENDEN STREET / RIVER ROAD,VEHICLES - HEAVY VEHICLES - BICYCLES,2/22/2012,08:00-08:15,11,2,1,4,1,0,1,1,0,0,2,1,0,5,2,3,,,,,,
dc/4500%20Block%20of%20River%20Road%20NW.txt,45TH STREET / FESSENDEN STREET / RIVER ROAD,VEHICLES - HEAVY VEHICLES - BICYCLES,2/22/2012,08:15-08:30,7,1,0,3,1,0,1,0,1,1,2,0,1,3,0,1,,,,,,
dc/ALLISON%20STREET%20AND%20SOUTH%20DAKOTA%20AVE%20NE.txt,SOUTH DAKOTA AVENUE / ALLISON STREET,Unshifted - Bank 1 - Bank 2,12/6/2011,07:00-07:15,,,,,0,,,,,,0,,,0,,1,,,,,,
dc/ALLISON%20STREET%20AND%20SOUTH%20DAKOTA%20AVE%20NE.txt,SOUTH DAKOTA AVENUE / ALLISON STREET,Unshifted - Bank 1 - Bank 2,12/6/2011,07:15-07:30,,,,,0,,,,,,0,,,0,,1,,,,,,
dc/ALLISON%20STREET%20AND%20SOUTH%20DAKOTA%20AVE%20NE.txt,SOUTH DAKOTA AVENUE / ALLISON STREET,Unshifted - Bank 1 - Bank 2,12/6/2011,07:30-07:45,,,,,0,,,,,,0,,,0,,0,,,,,,
dc/ALLISON%20STREET%20AND%20SOUTH%20DAKOTA%20AVE%20NE.txt,SOUTH DAKOTA AVENUE / ALLISON STREET,Unshifted - Bank 1 - Bank 2,12/6/2011,07:45-08:00,,,,,0,,,,,,0,,,0,,2,,,,,,
dc/ALLISON%20STREET%20AND%20SOUTH%20DAKOTA%20AVE%20NE.txt,SOUTH DAKOTA AVENUE / ALLISON STREET,Unshifted - Bank 1 - Bank 2,12/6/2011,08:00-08:15,,,,,0,,,,,,0,,,0,,4,,,,,,
dc/ALLISON%20STREET%20AND%20SOUTH%20DAKOTA%20AVE%20NE.txt,SOUTH DAKOTA AVENUE / ALLISON STREET,Unshifted - Bank 1 - Bank 2,12/6/2011,08:15-08:30,,,,,0,,,,,,0,,,0,,4,,,,,,
dc/ALLISON%20STREET%20AND%20SOUTH%20DAKOTA%20AVE%20NE.txt,SOUTH DAKOTA AVENUE / ALLISON STREET,Unshifted - Bank 1 - Bank 2,12/6/2011,08:30-08:45,,,,,0,,,,,,0,,,0,,8,,,,,,
dc/ALLISON%20STREET%20AND%20SOUTH%20DAKOTA%20AVE%20NE.txt,SOUTH DAKOTA AVENUE / ALLISON STREET,Unshifted - Bank 1 - Bank 2,12/6/2011,08:45-09:00,,,,,0,,,,,,0,,,0,,1,,,,,,
dc/ALLISON%20STREET%20AND%20SOUTH%20DAKOTA%20AVE%20NE.txt,SOUTH DAKOTA AVENUE / ALLISON STREET,Unshifted - Bank 1 - Bank 2,12/6/2011,16:00-16:15,,,,,0,,,,,,0,,,0,,0,,,,,,
dc/ALLISON%20STREET%20AND%20SOUTH%20DAKOTA%20AVE%20NE.txt,SOUTH DAKOTA AVENUE / ALLISON STREET,Unshifted - Bank 1 - Bank 2,12/6/2011,16:15-16:30,,,,,0,,,,,,0,,,0,,2,,,,,,
dc/ALLISON%20STREET%20AND%20SOUTH%20DAKOTA%20AVE%20NE.txt,SOUTH DAKOTA AVENUE / ALLISON STREET,Unshifted - Bank 1 - Bank 2,12/6/2011,16:30-16:45,,,,,0,,,,,,0,,,0,,1,,,,,,
dc/ALLISON%20STREET%20AND%20SOUTH%20DAKOTA%20AVE%20NE.txt,SOUTH DAKOTA AVENUE / ALLISON STREET,Unshifted - Bank 1 - Bank 2,12/6/2011,16:45-17:00,,,,,0,,,,,,0,,,0,,0,,,,,,
dc/ALLISON%20STREET%20AND%20SOUTH%20DAKOTA%20AVE%20NE.txt,SOUTH DAKOTA AVENUE / ALLISON STREET,Unshifted - Bank 1 - Bank 2,12/6/2011,17:00-17:15,,,,,0,,,,,,0,,,0,,0,,,,,,
dc/ALLISON%20STREET%20AND%20SOUTH%20DAKOTA%20AVE%20NE.txt,SOUTH DAKOTA AVENUE / ALLISON STREET,Unshifted - Bank 1 - Bank 2,12/6/2011,17:15-17:30,,,,,0,,,,,,0,,,0,,2,,,,,,
dc/ALLISON%20STREET%20AND%20SOUTH%20DAKOTA%20AVE%20NE.txt,SOUTH DAKOTA AVENUE / ALLISON STREET,Unshifted - Bank 1 - Bank 2,12/6/2011,17:30-17:45,,,,,0,,,,,,0,,,0,,0,,,,,,
dc/ALLISON%20STREET%20AND%20SOUTH%20DAKOTA%20AVE%20NE.txt,SOUTH DAKOTA AVENUE / ALLISON STREET,Unshifted - Bank 1 - Bank 2,12/6/2011,17:45-18:00,,,,,0,,,,,,0,,,0,,7,,,,,,
dc/BLAIR%20ROAD %20NW %204TH%20STREET%20%26%20CEDAR%20STREET%20NW.txt,BLAIR ROAD / 4TH STREET / CEDAR STREET,VEHICLES - HEAVY VEHICLES - BICYCLES,2/28/2012,07:00-07:15,,,,,42,7,7,,0,2,17,,,15,0,0,,,,,,
dc/BLAIR%20ROAD %20NW %204TH%20STREET%20%26%20CEDAR%20STREET%20NW.txt,BLAIR ROAD / 4TH STREET / CEDAR STREET,VEHICLES - HEAVY VEHICLES - BICYCLES,2/28/2012,07:15-07:30,,,,,49,12,10,,0,1,20,,,13,0,1,,,,,,
dc/BLAIR%20ROAD %20NW %204TH%20STREET%20%26%20CEDAR%20STREET%20NW.txt,BLAIR ROAD / 4TH STREET / CEDAR STREET,VEHICLES - HEAVY VEHICLES - BICYCLES,2/28/2012,07:30-07:45,,,,,63,11,12,,0,1,25,,,27,0,3,,,,,,
dc/BLAIR%20ROAD %20NW %204TH%20STREET%20%26%20CEDAR%20STREET%20NW.txt,BLAIR ROAD / 4TH STREET / CEDAR STREET,VEHICLES - HEAVY VEHICLES - BICYCLES,2/28/2012,07:45-08:00,,,,,62,12,11,,1,3,27,,,40,0,5,,,,,,
dc/BLAIR%20ROAD %20NW %204TH%20STREET%20%26%20CEDAR%20STREET%20NW.txt,BLAIR ROAD / 4TH STREET / CEDAR STREET,VEHICLES - HEAVY VEHICLES - BICYCLES,2/28/2012,08:00-08:15,,,,,63,15,5,,0,4,22,,,44,2,0,,,,,,
dc/BLAIR%20ROAD %20NW %204TH%20STREET%20%26%20CEDAR%20STREET%20NW.txt,BLAIR ROAD / 4TH STREET / CEDAR STREET,VEHICLES - HEAVY VEHICLES - BICYCLES,2/28/2012,08:15-08:30,,,,,59,13,8,,1,1,20,,,31,1,0,,,,,,
dc/BLAIR%20ROAD %20NW %204TH%20STREET%20%26%20CEDAR%20STREET%20NW.txt,BLAIR ROAD / 4TH STREET / CEDAR STREET,VEHICLES - HEAVY VEHICLES - BICYCLES,2/28/2012,08:30-08:45,,,,,47,10,12,,0,4,22,,,29,3,7,,,,,,
dc/BLAIR%20ROAD %20NW %204TH%20STREET%20%26%20CEDAR%20STREET%20NW.txt,BLAIR ROAD / 4TH STREET / CEDAR STREET,VEHICLES - HEAVY VEHICLES - BICYCLES,2/28/2012,08:45-09:00,,,,,43,9,8,,0,6,20,,,26,5,6,,,,,,
dc/BLAIR%20ROAD %20NW %204TH%20STREET%20%26%20CEDAR%20STREET%20NW.txt,BLAIR ROAD / 4TH STREET / CEDAR STREET,VEHICLES - HEAVY VEHICLES - BICYCLES,2/28/2012,16:00-16:15,,,,,20,9,8,,1,4,28,,,14,0,2,,,,,,
dc/BLAIR%20ROAD %20NW %204TH%20STREET%20%26%20CEDAR%20STREET%20NW.txt,BLAIR ROAD / 4TH STREET / CEDAR STREET,VEHICLES - HEAVY VEHICLES - BICYCLES,2/28/2012,16:15-16:30,,,,,23,5,11,,0,1,23,,,20,3,0,,,,,,
dc/BLAIR%20ROAD %20NW %204TH%20STREET%20%26%20CEDAR%20STREET%20NW.txt,BLAIR ROAD / 4TH STREET / CEDAR STREET,VEHICLES - HEAVY VEHICLES - BICYCLES,2/28/2012,16:30-16:45,,,,,27,6,12,,1,4,25,,,24,2,9,,,,,,
dc/BLAIR%20ROAD %20NW %204TH%20STREET%20%26%20CEDAR%20STREET%20NW.txt,BLAIR ROAD / 4TH STREET / CEDAR STREET,VEHICLES - HEAVY VEHICLES - BICYCLES,2/28/2012,16:45-17:00,,,,,17,4,16,,0,1,21,,,31,1,2,,,,,,
dc/BLAIR%20ROAD %20NW %204TH%20STREET%20%26%20CEDAR%20STREET%20NW.txt,BLAIR ROAD / 4TH STREET / CEDAR STREET,VEHICLES - HEAVY VEHICLES - BICYCLES,2/28/2012,17:00-17:15,,,,,32,9,11,,2,6,27,,,20,1,0,,,,,,
dc/BLAIR%20ROAD %20NW %204TH%20STREET%20%26%20CEDAR%20STREET%20NW.txt,BLAIR ROAD / 4TH STREET / CEDAR STREET,VEHICLES - HEAVY VEHICLES - BICYCLES,2/28/2012,17:15-17:30,,,,,23,11,10,,1,3,27,,,18,7,3,,,,,,
dc/BLAIR%20ROAD %20NW %204TH%20STREET%20%26%20CEDAR%20STREET%20NW.txt,BLAIR ROAD / 4TH STREET / CEDAR STREET,VEHICLES - HEAVY VEHICLES - BICYCLES,2/28/2012,17:30-17:45,,,,,22,8,8,,2,3,39,,,25,1,2,,,,,,
dc/BLAIR%20ROAD %20NW %204TH%20STREET%20%26%20CEDAR%20STREET%20NW.txt,BLAIR ROAD / 4TH STREET / CEDAR STREET,VEHICLES - HEAVY VEHICLES - BICYCLES,2/28/2012,17:45-18:00,,,,,20,13,13,,2,6,34,,,33,0,2,,,,,,
dc/Eastern %20Addison%20and%20Minnesota%20Ave%20NE.txt,EASTERN AVENUE / ADDISON ROAD / MINNESOTA AVENUE,VEHICLES - HEAVY VEHICLES - BICYCLES,3/14/2012,07:15-07:30,,,,,,,,,,,,,,,,,,,,,,
dc/Eastern %20Addison%20and%20Minnesota%20Ave%20NE.txt,EASTERN AVENUE / ADDISON ROAD / MINNESOTA AVENUE,VEHICLES - HEAVY VEHICLES - BICYCLES,3/14/2012,07:30-07:45,,,,,,,,,,,,,,,,,,,,,,
dc/Eastern %20Addison%20and%20Minnesota%20Ave%20NE.txt,EASTERN AVENUE / ADDISON ROAD / MINNESOTA AVENUE,VEHICLES - HEAVY VEHICLES - BICYCLES,3/14/2012,07:45-08:00,,,,,,,,,,,,,,,,,,,,,,
dc/Eastern %20Addison%20and%20Minnesota%20Ave%20NE.txt,EASTERN AVENUE / ADDISON ROAD / MINNESOTA AVENUE,VEHICLES - HEAVY VEHICLES - BICYCLES,3/14/2012,08:00-08:15,,,,,,,,,,,,,,,,,,,,,,
dc/Eastern %20Addison%20and%20Minnesota%20Ave%20NE.txt,EASTERN AVENUE / ADDISON ROAD / MINNESOTA AVENUE,VEHICLES - HEAVY VEHICLES - BICYCLES,3/14/2012,08:15-08:30,,,,,,,,,,,,,,,,,,,,,,
dc/Eastern %20Addison%20and%20Minnesota%20Ave%20NE.txt,EASTERN AVENUE / ADDISON ROAD / MINNESOTA AVENUE,VEHICLES - HEAVY VEHICLES - BICYCLES,3/14/2012,08:30-08:45,,,,,,,,,,,,,,,,,,,,,,
dc/Eastern %20Addison%20and%20Minnesota%20Ave%20NE.txt,EASTERN AVENUE / ADDISON ROAD / MINNESOTA AVENUE,VEHICLES - HEAVY VEHICLES - BICYCLES,3/14/2012,08:45-09:00,,,,,,,,,,,,,,,,,,,,,,
dc/Eastern %20Addison%20and%20Minnesota%20Ave%20NE.txt,EASTERN AVENUE / ADDISON ROAD / MINNESOTA AVENUE,VEHICLES - HEAVY VEHICLES - BICYCLES,3/14/2012,16:00-16:15,,,,,,,,,,,,,,,,,,,,,,
dc/Eastern %20Addison%20and%20Minnesota%20Ave%20NE.txt,EASTERN AVENUE / ADDISON ROAD / MINNESOTA AVENUE,VEHICLES - HEAVY VEHICLES - BICYCLES,3/14/2012,16:15-16:30,,,,,,,,,,,,,,,,,,,,,,
dc/Eastern %20Addison%20and%20Minnesota%20Ave%20NE.txt,EASTERN AVENUE / ADDISON ROAD / MINNESOTA AVENUE,VEHICLES - HEAVY VEHICLES - BICYCLES,3/14/2012,16:30-16:45,,,,,,,,,,,,,,,,,,,,,,
dc/Eastern %20Addison%20and%20Minnesota%20Ave%20NE.txt,EASTERN AVENUE / ADDISON ROAD / MINNESOTA AVENUE,VEHICLES - HEAVY VEHICLES - BICYCLES,3/14/2012,16:45-17:00,,,,,,,,,,,,,,,,,,,,,,
dc/Eastern %20Addison%20and%20Minnesota%20Ave%20NE.txt,EASTERN AVENUE / ADDISON ROAD / MINNESOTA AVENUE,VEHICLES - HEAVY VEHICLES - BICYCLES,3/14/2012,17:00-17:15,,,,,,,,,,,,,,,,,,,,,,
dc/Eastern %20Addison%20and%20Minnesota%20Ave%20NE.txt,EASTERN AVENUE / ADDISON ROAD / MINNESOTA AVENUE,VEHICLES - HEAVY VEHICLES - BICYCLES,3/14/2012,17:15-17:30,,,,,,,,,,,,,,,,,,,,,,
dc/Eastern %20Addison%20and%20Minnesota%20Ave%20NE.txt,EASTERN AVENUE / ADDISON ROAD / MINNESOTA AVENUE,VEHICLES - HEAVY VEHICLES - BICYCLES,3/14/2012,17:30-17:45,,,,,,,,,,,,,,,,,,,,,,
dc/Eastern %20Addison%20and%20Minnesota%20Ave%20NE.txt,EASTERN AVENUE / ADDISON ROAD / MINNESOTA AVENUE,VEHICLES - HEAVY VEHICLES - BICYCLES,3/14/2012,17:45-18:00,,,,,,,,,,,,,,,,,,,,,,
dc/First%20Street%20and%20Bates%20Street%20NW.txt,FIRST STREET / BATES STREET,VEHICLES - HEAVY VEHICLES - BICYCLES,2/16/2012,07:00-07:15,2,71,0,0,4,1,0,35,0,0,0,0,2,6,2,2,,,,,,
dc/First%20Street%20and%20Bates%20Street%20NW.txt,FIRST STREET / BATES STREET,VEHICLES - HEAVY VEHICLES - BICYCLES,2/16/2012,07:15-07:30,0,72,0,2,0,3,0,37,0,0,0,0,2,7,3,5,,,,,,
dc/First%20Street%20and%20Bates%20Street%20NW.txt,FIRST STREET / BATES STREET,VEHICLES - HEAVY VEHICLES - BICYCLES,2/16/2012,07:30-07:45,3,76,0,2,2,7,0,56,3,0,0,0,0,8,1,10,,,,,,
dc/First%20Street%20and%20Bates%20Street%20NW.txt,FIRST STREET / BATES STREET,VEHICLES - HEAVY VEHICLES - BICYCLES,2/16/2012,07:45-08:00,8,90,0,3,7,2,0,33,4,0,0,0,2,6,2,21,,,,,,
dc/First%20Street%20and%20Bates%20Street%20NW.txt,FIRST STREET / BATES STREET,VEHICLES - HEAVY VEHICLES - BICYCLES,2/16/2012,08:00-08:15,4,107,0,0,8,4,0,46,3,0,0,0,4,5,7,20,,,,,,
dc/First%20Street%20and%20Bates%20Street%20NW.txt,FIRST STREET / BATES STREET,VEHICLES - HEAVY VEHICLES - BICYCLES,2/16/2012,08:15-08:30,4,90,0,1,1,8,0,49,1,0,0,0,0,11,8,12,,,,,,
dc/First%20Street%20and%20Bates%20Street%20NW.txt,FIRST STREET / BATES STREET,VEHICLES - HEAVY VEHICLES - BICYCLES,2/16/2012,08:30-08:45,24,63,0,6,2,1,0,50,6,0,0,0,1,20,4,7,,,,,,
dc/First%20Street%20and%20Bates%20Street%20NW.txt,FIRST STREET / BATES STREET,VEHICLES - HEAVY VEHICLES - BICYCLES,2/16/2012,08:45-09:00,9,81,0,4,6,4,0,54,3,0,0,0,4,7,0,4,,,,,,
dc/First%20Street%20and%20Bates%20Street%20NW.txt,FIRST STREET / BATES STREET,VEHICLES - HEAVY VEHICLES - BICYCLES,2/16/2012,16:00-16:15,4,83,0,2,5,7,0,54,3,0,0,0,0,9,3,5,,,,,,
dc/First%20Street%20and%20Bates%20Street%20NW.txt,FIRST STREET / BATES STREET,VEHICLES - HEAVY VEHICLES - BICYCLES,2/16/2012,16:15-16:30,3,98,0,1,2,7,0,67,5,0,0,0,0,10,3,4,,,,,,
dc/First%20Street%20and%20Bates%20Street%20NW.txt,FIRST STREET / BATES STREET,VEHICLES - HEAVY VEHICLES - BICYCLES,2/16/2012,16:30-16:45,2,81,0,4,4,1,0,47,4,0,0,0,2,7,4,9,,,,,,
dc/First%20Street%20and%20Bates%20Street%20NW.txt,FIRST STREET / BATES STREET,VEHICLES - HEAVY VEHICLES - BICYCLES,2/16/2012,16:45-17:00,4,105,0,2,3,2,0,58,0,0,0,0,1,3,2,9,,,,,,
dc/First%20Street%20and%20Bates%20Street%20NW.txt,FIRST STREET / BATES STREET,VEHICLES - HEAVY VEHICLES - BICYCLES,2/16/2012,17:00-17:15,4,92,0,3,6,5,0,57,3,0,0,0,2,9,2,9,,,,,,
dc/First%20Street%20and%20Bates%20Street%20NW.txt,FIRST STREET / BATES STREET,VEHICLES - HEAVY VEHICLES - BICYCLES,2/16/2012,17:15-17:30,7,92,0,1,2,3,0,55,2,0,0,0,4,14,0,3,,,,,,
dc/First%20Street%20and%20Bates%20Street%20NW.txt,FIRST STREET / BATES STREET,VEHICLES - HEAVY VEHICLES - BICYCLES,2/16/2012,17:30-17:45,2,84,0,6,6,7,0,53,6,0,0,0,4,9,0,1,,,,,,
dc/First%20Street%20and%20Bates%20Street%20NW.txt,FIRST STREET / BATES STREET,VEHICLES - HEAVY VEHICLES - BICYCLES,2/16/2012,17:45-18:00,2,76,0,4,3,4,0,57,4,0,0,0,4,4,0,5,,,,,,
dc/I%20St%20and%2023rd%20St%20NW.txt,23RD STREET / I STREET,VEHICLES - HEAVY VEHICLES,1/25/2012,07:00-07:15,0,50,18,3,0,1,43,127,0,0,0,0,124,12,114,0,,,,,,
dc/I%20St%20and%2023rd%20St%20NW.txt,23RD STREET / I STREET,VEHICLES - HEAVY VEHICLES,1/25/2012,07:15-07:30,0,59,17,3,0,3,47,149,0,0,0,0,113,30,122,0,,,,,,
dc/I%20St%20and%2023rd%20St%20NW.txt,23RD STREET / I STREET,VEHICLES - HEAVY VEHICLES,1/25/2012,07:30-07:45,0,79,20,4,0,7,63,165,0,0,0,0,259,49,124,0,,,,,,
dc/I%20St%20and%2023rd%20St%20NW.txt,23RD STREET / I STREET,VEHICLES - HEAVY VEHICLES,1/25/2012,07:45-08:00,0,76,37,3,0,7,54,139,0,0,0,0,441,71,165,0,,,,,,
dc/I%20St%20and%2023rd%20St%20NW.txt,23RD STREET / I STREET,VEHICLES - HEAVY VEHICLES,1/25/2012,08:00-08:15,0,80,25,2,0,9,61,153,0,0,0,0,596,79,177,0,,,,,,
dc/I%20St%20and%2023rd%20St%20NW.txt,23RD STREET / I STREET,VEHICLES - HEAVY VEHICLES,1/25/2012,08:15-08:30,0,89,19,1,0,6,67,154,0,0,0,0,621,86,183,0,,,,,,
dc/I%20St%20and%2023rd%20St%20NW.txt,23RD STREET / I STREET,VEHICLES - HEAVY VEHICLES,1/25/2012,08:30-08:45,0,98,21,2,0,4,68,146,0,0,0,0,650,109,214,0,,,,,,
dc/I%20St%20and%2023rd%20St%20NW.txt,23RD STREET / I STREET,VEHICLES - HEAVY VEHICLES,1/25/2012,08:45-09:00,0,118,22,3,0,9,63,160,0,0,0,0,670,70,188,0,,,,,,
dc/I%20St%20and%2023rd%20St%20NW.txt,23RD STREET / I STREET,VEHICLES - HEAVY VEHICLES,1/25/2012,16:00-16:15,0,231,21,2,0,10,18,102,0,0,0,0,480,109,127,0,,,,,,
dc/I%20St%20and%2023rd%20St%20NW.txt,23RD STREET / I STREET,VEHICLES - HEAVY VEHICLES,1/25/2012,16:15-16:30,0,217,16,6,0,20,14,98,0,0,0,0,484,79,123,0,,,,,,
dc/I%20St%20and%2023rd%20St%20NW.txt,23RD STREET / I STREET,VEHICLES - HEAVY VEHICLES,1/25/2012,16:30-16:45,0,256,6,6,0,21,13,99,0,0,0,0,619,101,159,0,,,,,,
dc/I%20St%20and%2023rd%20St%20NW.txt,23RD STREET / I STREET,VEHICLES - HEAVY VEHICLES,1/25/2012,16:45-17:00,0,214,9,7,0,14,11,115,0,0,0,0,628,105,140,0,,,,,,
dc/I%20St%20and%2023rd%20St%20NW.txt,23RD STREET / I STREET,VEHICLES - HEAVY VEHICLES,1/25/2012,17:00-17:15,0,249,8,4,0,24,16,114,0,0,0,0,583,127,149,0,,,,,,
dc/I%20St%20and%2023rd%20St%20NW.txt,23RD STREET / I STREET,VEHICLES - HEAVY VEHICLES,1/25/2012,17:15-17:30,0,249,10,2,0,32,23,108,0,0,0,0,467,114,190,0,,,,,,
dc/I%20St%20and%2023rd%20St%20NW.txt,23RD STREET / I STREET,VEHICLES - HEAVY VEHICLES,1/25/2012,17:30-17:45,0,273,10,5,0,24,15,107,0,0,0,0,529,127,162,0,,,,,,
dc/I%20St%20and%2023rd%20St%20NW.txt,23RD STREET / I STREET,VEHICLES - HEAVY VEHICLES,1/25/2012,17:45-18:00,0,263,12,2,0,24,20,138,0,0,0,0,606,142,183,0,,,,,,
dc/Kentucky%20Ave%20and%20C%20St%20SE.txt,KENTUCKY AVENUE / C STREET,VEHICLES - HEAVY VEHICLES,1/24/2012,07:00-07:15,,,,,1,,,,,,5,,,1,,3,,,,,,
dc/Kentucky%20Ave%20and%20C%20St%20SE.txt,KENTUCKY AVENUE / C STREET,VEHICLES - HEAVY VEHICLES,1/24/2012,07:15-07:30,,,,,15,,,,,,2,,,5,,1,,,,,,
dc/Kentucky%20Ave%20and%20C%20St%20SE.txt,KENTUCKY AVENUE / C STREET,VEHICLES - HEAVY VEHICLES,1/24/2012,07:30-07:45,,,,,28,,,,,,0,,,3,,4,,,,,,
dc/Kentucky%20Ave%20and%20C%20St%20SE.txt,KENTUCKY AVENUE / C STREET,VEHICLES - HEAVY VEHICLES,1/24/2012,07:45-08:00,,,,,23,,,,,,4,,,6,,3,,,,,,
dc/Kentucky%20Ave%20and%20C%20St%20SE.txt,KENTUCKY AVENUE / C STREET,VEHICLES - HEAVY VEHICLES,1/24/2012,08:00-08:15,,,,,43,,,,,,6,,,1,,5,,,,,,
dc/Kentucky%20Ave%20and%20C%20St%20SE.txt,KENTUCKY AVENUE / C STREET,VEHICLES - HEAVY VEHICLES,1/24/2012,08:15-08:30,,,,,40,,,,,,7,,,12,,4,,,,,,
dc/Kentucky%20Ave%20and%20C%20St%20SE.txt,KENTUCKY AVENUE / C STREET,VEHICLES - HEAVY VEHICLES,1/24/2012,08:30-08:45,,,,,45,,,,,,2,,,8,,2,,,,,,
dc/Kentucky%20Ave%20and%20C%20St%20SE.txt,KENTUCKY AVENUE / C STREET,VEHICLES - HEAVY VEHICLES,1/24/2012,08:45-09:00,,,,,38,,,,,,6,,,3,,4,,,,,,
dc/Kentucky%20Ave%20and%20C%20St%20SE.txt,KENTUCKY AVENUE / C STREET,VEHICLES - HEAVY VEHICLES,1/24/2012,16:00-16:15,,,,,3,,,,,,5,,,0,,0,,,,,,
dc/Kentucky%20Ave%20and%20C%20St%20SE.txt,KENTUCKY AVENUE / C STREET,VEHICLES - HEAVY VEHICLES,1/24/2012,16:15-16:30,,,,,4,,,,,,4,,,0,,1,,,,,,
dc/Kentucky%20Ave%20and%20C%20St%20SE.txt,KENTUCKY AVENUE / C STREET,VEHICLES - HEAVY VEHICLES,1/24/2012,16:30-16:45,,,,,6,,,,,,7,,,2,,1,,,,,,
dc/Kentucky%20Ave%20and%20C%20St%20SE.txt,KENTUCKY AVENUE / C STREET,VEHICLES - HEAVY VEHICLES,1/24/2012,16:45-17:00,,,,,9,,,,,,11,,,1,,1,,,,,,
dc/Kentucky%20Ave%20and%20C%20St%20SE.txt,KENTUCKY AVENUE / C STREET,VEHICLES - HEAVY VEHICLES,1/24/2012,17:00-17:15,,,,,8,,,,,,6,,,8,,1,,,,,,
dc/Kentucky%20Ave%20and%20C%20St%20SE.txt,KENTUCKY AVENUE / C STREET,VEHICLES - HEAVY VEHICLES,1/24/2012,17:15-17:30,,,,,12,,,,,,12,,,3,,3,,,,,,
dc/Kentucky%20Ave%20and%20C%20St%20SE.txt,KENTUCKY AVENUE / C STREET,VEHICLES - HEAVY VEHICLES,1/24/2012,17:30-17:45,,,,,16,,,,,,8,,,1,,0,,,,,,
dc/Kentucky%20Ave%20and%20C%20St%20SE.txt,KENTUCKY AVENUE / C STREET,VEHICLES - HEAVY VEHICLES,1/24/2012,17:45-18:00,,,,,11,,,,,,10,,,0,,1,,,,,,
dc/MLK%20Ave%20and%20Elmira%20St%20SW.txt,MARTIN LUTHER KING JR. AVENUE / ELMIRA STREET,VEHICLES - HEAVY VEHICLES - BICYCLES,2/22/2012,06:00-06:15,0,41,0,2,0,0,0,37,0,0,0,5,1,3,3,1,,,,,,
dc/MLK%20Ave%20and%20Elmira%20St%20SW.txt,MARTIN LUTHER KING JR. AVENUE / ELMIRA STREET,VEHICLES - HEAVY VEHICLES - BICYCLES,2/22/2012,06:15-06:30,0,37,0,4,0,0,0,48,0,1,0,0,0,1,0,0,,,,,,
dc/MLK%20Ave%20and%20Elmira%20St%20SW.txt,MARTIN LUTHER KING JR. AVENUE / ELMIRA STREET,VEHICLES - HEAVY VEHICLES - BICYCLES,2/22/2012,06:30-06:45,0,26,0,3,0,0,0,65,2,1,0,1,2,4,0,2,,,,,,
dc/MLK%20Ave%20and%20Elmira%20St%20SW.txt,MARTIN LUTHER KING JR. AVENUE / ELMIRA STREET,VEHICLES - HEAVY VEHICLES - BICYCLES,2/22/2012,06:45-07:00,0,40,0,3,0,3,0,59,0,0,0,1,0,5,1,2,,,,,,
dc/MLK%20Ave%20and%20Elmira%20St%20SW.txt,MARTIN LUTHER KING JR. AVENUE / ELMIRA STREET,VEHICLES - HEAVY VEHICLES - BICYCLES,2/22/2012,07:00-07:15,0,43,0,6,0,0,0,95,0,0,0,1,0,1,0,0,,,,,,
dc/MLK%20Ave%20and%20Elmira%20St%20SW.txt,MARTIN LUTHER KING JR. AVENUE / ELMIRA STREET,VEHICLES - HEAVY VEHICLES - BICYCLES,2/22/2012,07:15-07:30,1,35,0,8,0,0,0,85,2,2,0,1,0,1,0,0,,,,,,
dc/MLK%20Ave%20and%20Elmira%20St%20SW.txt,MARTIN LUTHER KING JR. AVENUE / ELMIRA STREET,VEHICLES - HEAVY VEHICLES - BICYCLES,2/22/2012,07:30-07:45,0,37,0,8,0,2,0,70,0,0,0,2,1,1,0,6,,,,,,
dc/MLK%20Ave%20and%20Elmira%20St%20SW.txt,MARTIN LUTHER KING JR. AVENUE / ELMIRA STREET,VEHICLES - HEAVY VEHICLES - BICYCLES,2/22/2012,07:45-08:00,0,32,0,7,0,0,0,72,0,0,0,1,1,1,1,2,,,,,,
dc/MLK%20Ave%20and%20Elmira%20St%20SW.txt,MARTIN LUTHER KING JR. AVENUE / ELMIRA STREET,VEHICLES - HEAVY VEHICLES - BICYCLES,2/22/2012,08:00-08:15,0,33,0,7,0,1,0,74,2,0,0,1,1,7,2,1,,,,,,
dc/MLK%20Ave%20and%20Elmira%20St%20SW.txt,MARTIN LUTHER KING JR. AVENUE / ELMIRA STREET,VEHICLES - HEAVY VEHICLES - BICYCLES,2/22/2012,08:15-08:30,2,49,0,3,0,2,0,67,1,0,0,0,2,9,1,4,,,,,,
dc/MLK%20Ave%20and%20Elmira%20St%20SW.txt,MARTIN LUTHER KING JR. AVENUE / ELMIRA STREET,VEHICLES - HEAVY VEHICLES - BICYCLES,2/22/2012,08:30-08:45,1,37,0,2,0,1,0,72,1,1,0,2,0,9,0,3,,,,,,
dc/MLK%20Ave%20and%20Elmira%20St%20SW.txt,MARTIN LUTHER KING JR. AVENUE / ELMIRA STREET,VEHICLES - HEAVY VEHICLES - BICYCLES,2/22/2012,08:45-09:00,1,47,0,7,0,5,0,65,1,0,0,0,2,4,0,3,,,,,,
dc/MLK%20Ave%20and%20Elmira%20St%20SW.txt,MARTIN LUTHER KING JR. AVENUE / ELMIRA STREET,VEHICLES - HEAVY VEHICLES - BICYCLES,2/22/2012,09:00-09:15,0,36,0,2,0,0,0,55,2,1,0,2,0,2,0,2,,,,,,
dc/MLK%20Ave%20and%20Elmira%20St%20SW.txt,MARTIN LUTHER KING JR. AVENUE / ELMIRA STREET,VEHICLES - HEAVY VEHICLES - BICYCLES,2/22/2012,09:15-09:30,1,41,0,2,0,1,0,30,1,0,0,2,1,2,0,0,,,,,,
dc/MLK%20Ave%20and%20Elmira%20St%20SW.txt,MARTIN LUTHER KING JR. AVENUE / ELMIRA STREET,VEHICLES - HEAVY VEHICLES - BICYCLES,2/22/2012,09:30-09:45,3,32,0,5,1,0,0,45,2,0,0,1,0,1,0,2,,,,,,
dc/MLK%20Ave%20and%20Elmira%20St%20SW.txt,MARTIN LUTHER KING JR. AVENUE / ELMIRA STREET,VEHICLES - HEAVY VEHICLES - BICYCLES,2/22/2012,09:45-10:00,1,32,0,3,0,1,0,40,1,2,0,0,1,0,1,0,,,,,,
dc/MLK%20Ave%20and%20Elmira%20St%20SW.txt,MARTIN LUTHER KING JR. AVENUE / ELMIRA STREET,VEHICLES - HEAVY VEHICLES - BICYCLES,2/22/2012,10:00-10:15,1,35,0,2,0,0,0,49,1,0,0,1,0,0,0,0,,,,,,
dc/MLK%20Ave%20and%20Elmira%20St%20SW.txt,MARTIN LUTHER KING JR. AVENUE / ELMIRA STREET,VEHICLES - HEAVY VEHICLES - BICYCLES,2/22/2012,10:15-10:30,2,32,0,2,0,3,0,40,0,0,0,3,0,4,0,0,,,,,,
dc/MLK%20Ave%20and%20Elmira%20St%20SW.txt,MARTIN LUTHER KING JR. AVENUE / ELMIRA STREET,VEHICLES - HEAVY VEHICLES - BICYCLES,2/22/2012,10:30-10:45,0,24,0,2,0,2,0,40,1,1,0,5,2,0,0,0,,,,,,
dc/MLK%20Ave%20and%20Elmira%20St%20SW.txt,MARTIN LUTHER KING JR. AVENUE / ELMIRA STREET,VEHICLES - HEAVY VEHICLES - BICYCLES,2/22/2012,10:45-11:00,0,23,0,1,0,2,0,50,1,1,0,2,0,4,0,1,,,,,,
dc/MLK%20Ave%20and%20Elmira%20St%20SW.txt,MARTIN LUTHER KING JR. AVENUE / ELMIRA STREET,VEHICLES - HEAVY VEHICLES - BICYCLES,2/22/2012,11:00-11:15,0,27,0,5,0,0,0,48,0,0,0,0,0,1,0,0,,,,,,
dc/MLK%20Ave%20and%20Elmira%20St%20SW.txt,MARTIN LUTHER KING JR. AVENUE / ELMIRA STREET,VEHICLES - HEAVY VEHICLES - BICYCLES,2/22/2012,11:15-11:30,0,34,0,5,0,2,0,47,1,2,0,0,1,1,0,3,,,,,,
dc/MLK%20Ave%20and%20Elmira%20St%20SW.txt,MARTIN LUTHER KING JR. AVENUE / ELMIRA STREET,VEHICLES - HEAVY VEHICLES - BICYCLES,2/22/2012,11:30-11:45,2,27,0,0,1,1,0,49,1,0,0,0,0,2,1,2,,,,,,
dc/MLK%20Ave%20and%20Elmira%20St%20SW.txt,MARTIN LUTHER KING JR. AVENUE / ELMIRA STREET,VEHICLES - HEAVY VEHICLES - BICYCLES,2/22/2012,11:45-12:00,2,34,0,2,2,1,0,61,1,3,0,0,1,1,2,3,,,,,,
dc/MLK%20Ave%20and%20Elmira%20St%20SW.txt,MARTIN LUTHER KING JR. AVENUE / ELMIRA STREET,VEHICLES - HEAVY VEHICLES - BICYCLES,2/22/2012,12:00-12:15,1,34,0,1,1,5,0,55,2,1,0,1,1,5,2,2,,,,,,
dc/MLK%20Ave%20and%20Elmira%20St%20SW.txt,MARTIN LUTHER KING JR. AVENUE / ELMIRA STREET,VEHICLES - HEAVY VEHICLES - BICYCLES,2/22/2012,12:15-12:30,2,32,0,2,0,0,0,48,0,0,0,1,1,6,0,1,,,,,,
dc/MLK%20Ave%20and%20Elmira%20St%20SW.txt,MARTIN LUTHER KING JR. AVENUE / ELMIRA STREET,VEHICLES - HEAVY VEHICLES - BICYCLES,2/22/2012,12:30-12:45,2,33,0,5,0,4,0,52,2,1,0,1,0,1,1,2,,,,,,
dc/MLK%20Ave%20and%20Elmira%20St%20SW.txt,MARTIN LUTHER KING JR. AVENUE / ELMIRA STREET,VEHICLES - HEAVY VEHICLES - BICYCLES,2/22/2012,12:45-13:00,2,34,0,7,0,0,0,56,1,3,0,1,2,2,1,0,,,,,,
dc/MLK%20Ave%20and%20Elmira%20St%20SW.txt,MARTIN LUTHER KING JR. AVENUE / ELMIRA STREET,VEHICLES - HEAVY VEHICLES - BICYCLES,2/22/2012,13:00-13:15,1,38,0,6,1,0,0,43,2,1,0,1,2,2,2,2,,,,,,
dc/MLK%20Ave%20and%20Elmira%20St%20SW.txt,MARTIN LUTHER KING JR. AVENUE / ELMIRA STREET,VEHICLES - HEAVY VEHICLES - BICYCLES,2/22/2012,13:15-13:30,2,36,0,2,1,5,0,60,2,1,0,5,1,1,0,6,,,,,,
dc/MLK%20Ave%20and%20Elmira%20St%20SW.txt,MARTIN LUTHER KING JR. AVENUE / ELMIRA STREET,VEHICLES - HEAVY VEHICLES - BICYCLES,2/22/2012,13:30-13:45,2,49,0,4,0,2,0,44,0,0,0,1,0,1,0,1,,,,,,
dc/MLK%20Ave%20and%20Elmira%20St%20SW.txt,MARTIN LUTHER KING JR. AVENUE / ELMIRA STREET,VEHICLES - HEAVY VEHICLES - BICYCLES,2/22/2012,13:45-14:00,2,48,0,1,1,1,0,57,0,0,0,2,0,4,2,0,,,,,,
dc/MLK%20Ave%20and%20Elmira%20St%20SW.txt,MARTIN LUTHER KING JR. AVENUE / ELMIRA STREET,VEHICLES - HEAVY VEHICLES - BICYCLES,2/22/2012,14:00-14:15,2,35,0,2,0,2,0,58,1,0,0,3,1,7,4,0,,,,,,
dc/MLK%20Ave%20and%20Elmira%20St%20SW.txt,MARTIN LUTHER KING JR. AVENUE / ELMIRA STREET,VEHICLES - HEAVY VEHICLES - BICYCLES,2/22/2012,14:15-14:30,1,37,0,3,0,1,0,64,1,0,0,3,0,5,0,0,,,,,,
dc/MLK%20Ave%20and%20Elmira%20St%20SW.txt,MARTIN LUTHER KING JR. AVENUE / ELMIRA STREET,VEHICLES - HEAVY VEHICLES - BICYCLES,2/22/2012,14:30-14:45,2,32,0,0,1,1,0,73,4,1,0,3,0,3,0,0,,,,,,
dc/MLK%20Ave%20and%20Elmira%20St%20SW.txt,MARTIN LUTHER KING JR. AVENUE / ELMIRA STREET,VEHICLES - HEAVY VEHICLES - BICYCLES,2/22/2012,14:45-15:00,1,44,0,4,0,5,0,64,2,0,0,1,0,7,2,0,,,,,,
dc/MLK%20Ave%20and%20Elmira%20St%20SW.txt,MARTIN LUTHER KING JR. AVENUE / ELMIRA STREET,VEHICLES - HEAVY VEHICLES - BICYCLES,2/22/2012,15:00-15:15,2,35,0,4,1,6,0,95,2,0,0,0,0,3,2,1,,,,,,
dc/MLK%20Ave%20and%20Elmira%20St%20SW.txt,MARTIN LUTHER KING JR. AVENUE / ELMIRA STREET,VEHICLES - HEAVY VEHICLES - BICYCLES,2/22/2012,15:15-15:30,1,31,0,0,1,6,0,98,3,1,0,3,4,4,0,0,,,,,,
dc/MLK%20Ave%20and%20Elmira%20St%20SW.txt,MARTIN LUTHER KING JR. AVENUE / ELMIRA STREET,VEHICLES - HEAVY VEHICLES - BICYCLES,2/22/2012,15:30-15:45,3,41,0,3,1,0,0,78,1,1,0,4,3,2,0,0,,,,,,
dc/MLK%20Ave%20and%20Elmira%20St%20SW.txt,MARTIN LUTHER KING JR. AVENUE / ELMIRA STREET,VEHICLES - HEAVY VEHICLES - BICYCLES,2/22/2012,15:45-16:00,1,46,0,2,2,0,0,71,1,1,0,1,3,3,1,0,,,,,,
dc/MLK%20Ave%20and%20Elmira%20St%20SW.txt,MARTIN LUTHER KING JR. AVENUE / ELMIRA STREET,VEHICLES - HEAVY VEHICLES - BICYCLES,2/22/2012,16:00-16:15,1,60,0,2,0,2,0,65,0,3,0,4,2,7,1,1,,,,,,
dc/MLK%20Ave%20and%20Elmira%20St%20SW.txt,MARTIN LUTHER KING JR. AVENUE / ELMIRA STREET,VEHICLES - HEAVY VEHICLES - BICYCLES,2/22/2012,16:15-16:30,1,55,0,7,0,3,0,74,1,1,0,0,2,5,2,2,,,,,,
dc/MLK%20Ave%20and%20Elmira%20St%20SW.txt,MARTIN LUTHER KING JR. AVENUE / ELMIRA STREET,VEHICLES - HEAVY VEHICLES - BICYCLES,2/22/2012,16:30-16:45,2,54,0,3,2,2,0,78,0,2,0,2,3,5,4,0,,,,,,
dc/MLK%20Ave%20and%20Elmira%20St%20SW.txt,MARTIN LUTHER KING JR. AVENUE / ELMIRA STREET,VEHICLES - HEAVY VEHICLES - BICYCLES,2/22/2012,16:45-17:00,1,60,0,1,2,0,0,38,2,1,0,0,2,9,1,1,,,,,,
dc/MLK%20Ave%20and%20Elmira%20St%20SW.txt,MARTIN LUTHER KING JR. AVENUE / ELMIRA STREET,VEHICLES - HEAVY VEHICLES - BICYCLES,2/22/2012,17:00-17:15,2,44,0,6,2,3,0,37,2,1,0,4,1,1,0,0,,,,,,
dc/MLK%20Ave%20and%20Elmira%20St%20SW.txt,MARTIN LUTHER KING JR. AVENUE / ELMIRA STREET,VEHICLES - HEAVY VEHICLES - BICYCLES,2/22/2012,17:15-17:30,0,46,0,3,0,1,0,58,0,1,0,0,2,1,0,1,,,,,,
dc/MLK%20Ave%20and%20Elmira%20St%20SW.txt,MARTIN LUTHER KING JR. AVENUE / ELMIRA STREET,VEHICLES - HEAVY VEHICLES - BICYCLES,2/22/2012,17:30-17:45,2,66,0,0,1,0,0,28,1,0,0,2,2,3,1,0,,,,,,
dc/MLK%20Ave%20and%20Elmira%20St%20SW.txt,MARTIN LUTHER KING JR. AVENUE / ELMIRA STREET,VEHICLES - HEAVY VEHICLES - BICYCLES,2/22/2012,17:45-18:00,0,55,0,9,2,4,0,85,4,3,0,1,4,2,0,1,,,,,,
dc/MLK%20Ave%20and%20Elmira%20St%20SW.txt,MARTIN LUTHER KING JR. AVENUE / ELMIRA STREET,VEHICLES - HEAVY VEHICLES - BICYCLES,2/22/2012,18:00-18:15,2,50,0,3,0,0,0,62,1,3,0,2,1,6,1,1,,,,,,
dc/MLK%20Ave%20and%20Elmira%20St%20SW.txt,MARTIN LUTHER KING JR. AVENUE / ELMIRA STREET,VEHICLES - HEAVY VEHICLES - BICYCLES,2/22/2012,18:15-18:30,3,40,0,0,1,2,0,57,0,1,0,1,1,3,0,2,,,,,,
dc/MLK%20Ave%20and%20Elmira%20St%20SW.txt,MARTIN LUTHER KING JR. AVENUE / ELMIRA STREET,VEHICLES - HEAVY VEHICLES - BICYCLES,2/22/2012,18:30-18:45,2,54,0,0,0,0,0,51,4,1,0,1,0,2,1,0,,,,,,
dc/MLK%20Ave%20and%20Elmira%20St%20SW.txt,MARTIN LUTHER KING JR. AVENUE / ELMIRA STREET,VEHICLES - HEAVY VEHICLES - BICYCLES,2/22/2012,18:45-19:00,0,51,0,8,0,3,0,45,0,0,0,2,1,1,0,1,,,,,,
dc/Michigan%20Ave%20and%20Perry%20St%20NE.txt,MICHIGAN AVENUE / PERRY STREET,VEHICLES - HEAVY VEHICLES - BICYCLES,3/6/2012,07:00-07:15,,,,,0,,,,,,1,,,4,,3,,,,,,
dc/Michigan%20Ave%20and%20Perry%20St%20NE.txt,MICHIGAN AVENUE / PERRY STREET,VEHICLES - HEAVY VEHICLES - BICYCLES,3/6/2012,07:15-07:30,,,,,1,,,,,,0,,,5,,7,,,,,,
dc/Michigan%20Ave%20and%20Perry%20St%20NE.txt,MICHIGAN AVENUE / PERRY STREET,VEHICLES - HEAVY VEHICLES - BICYCLES,3/6/2012,07:30-07:45,,,,,2,,,,,,1,,,8,,9,,,,,,
dc/Michigan%20Ave%20and%20Perry%20St%20NE.txt,MICHIGAN AVENUE / PERRY STREET,VEHICLES - HEAVY VEHICLES - BICYCLES,3/6/2012,07:45-08:00,,,,,2,,,,,,3,,,8,,4,,,,,,
dc/Michigan%20Ave%20and%20Perry%20St%20NE.txt,MICHIGAN AVENUE / PERRY STREET,VEHICLES - HEAVY VEHICLES - BICYCLES,3/6/2012,08:00-08:15,,,,,7,,,,,,2,,,5,,7,,,,,,
dc/Michigan%20Ave%20and%20Perry%20St%20NE.txt,MICHIGAN AVENUE / PERRY STREET,VEHICLES - HEAVY VEHICLES - BICYCLES,3/6/2012,08:15-08:30,,,,,5,,,,,,3,,,7,,2,,,,,,
dc/Michigan%20Ave%20and%20Perry%20St%20NE.txt,MICHIGAN AVENUE / PERRY STREET,VEHICLES - HEAVY VEHICLES - BICYCLES,3/6/2012,08:30-08:45,,,,,4,,,,,,2,,,13,,3,,,,,,
dc/Michigan%20Ave%20and%20Perry%20St%20NE.txt,MICHIGAN AVENUE / PERRY STREET,VEHICLES - HEAVY VEHICLES - BICYCLES,3/6/2012,08:45-09:00,,,,,3,,,,,,1,,,13,,5,,,,,,
dc/Michigan%20Ave%20and%20Perry%20St%20NE.txt,MICHIGAN AVENUE / PERRY STREET,VEHICLES - HEAVY VEHICLES - BICYCLES,3/6/2012,16:00-16:15,,,,,9,,,,,,5,,,0,,6,,,,,,
dc/Michigan%20Ave%20and%20Perry%20St%20NE.txt,MICHIGAN AVENUE / PERRY STREET,VEHICLES - HEAVY VEHICLES - BICYCLES,3/6/2012,16:15-16:30,,,,,3,,,,,,7,,,0,,1,,,,,,
dc/Michigan%20Ave%20and%20Perry%20St%20NE.txt,MICHIGAN AVENUE / PERRY STREET,VEHICLES - HEAVY VEHICLES - BICYCLES,3/6/2012,16:30-16:45,,,,,2,,,,,,9,,,0,,3,,,,,,
dc/Michigan%20Ave%20and%20Perry%20St%20NE.txt,MICHIGAN AVENUE / PERRY STREET,VEHICLES - HEAVY VEHICLES - BICYCLES,3/6/2012,16:45-17:00,,,,,15,,,,,,7,,,0,,4,,,,,,
dc/Michigan%20Ave%20and%20Perry%20St%20NE.txt,MICHIGAN AVENUE / PERRY STREET,VEHICLES - HEAVY VEHICLES - BICYCLES,3/6/2012,17:00-17:15,,,,,8,,,,,,7,,,0,,1,,,,,,
dc/Michigan%20Ave%20and%20Perry%20St%20NE.txt,MICHIGAN AVENUE / PERRY STREET,VEHICLES - HEAVY VEHICLES - BICYCLES,3/6/2012,17:15-17:30,,,,,2,,,,,,3,,,0,,4,,,,,,
dc/Michigan%20Ave%20and%20Perry%20St%20NE.txt,MICHIGAN AVENUE / PERRY STREET,VEHICLES - HEAVY VEHICLES - BICYCLES,3/6/2012,17:30-17:45,,,,,8,,,,,,3,,,5,,10,,,,,,
dc/Michigan%20Ave%20and%20Perry%20St%20NE.txt,MICHIGAN AVENUE / PERRY STREET,VEHICLES - HEAVY VEHICLES - BICYCLES,3/6/2012,17:45-18:00,,,,,16,,,,,,7,,,0,,3,,,,,,
dc/Mt%20Olivet%20Rd%20and%20Montello%20Ave%20NE.txt,MONTELLO AVENUE / MT OLIVET ROAD,VEHICLES - HEAVY VEHICLES - BICYCLES,3/8/2012,07:00-07:15,,,,,,,,,,,,,,,,,,,,,,
dc/Mt%20Olivet%20Rd%20and%20Montello%20Ave%20NE.txt,MONTELLO AVENUE / MT OLIVET ROAD,VEHICLES - HEAVY VEHICLES - BICYCLES,3/8/2012,07:15-07:30,,,,,,,,,,,,,,,,,,,,,,
dc/Mt%20Olivet%20Rd%20and%20Montello%20Ave%20NE.txt,MONTELLO AVENUE / MT OLIVET ROAD,VEHICLES - HEAVY VEHICLES - BICYCLES,3/8/2012,07:30-07:45,,,,,,,,,,,,,,,,,,,,,,
dc/Mt%20Olivet%20Rd%20and%20Montello%20Ave%20NE.txt,MONTELLO AVENUE / MT OLIVET ROAD,VEHICLES - HEAVY VEHICLES - BICYCLES,3/8/2012,07:45-08:00,,,,,,,,,,,,,,,,,,,,,,
dc/Mt%20Olivet%20Rd%20and%20Montello%20Ave%20NE.txt,MONTELLO AVENUE / MT OLIVET ROAD,VEHICLES - HEAVY VEHICLES - BICYCLES,3/8/2012,08:00-08:15,,,,,,,,,,,,,,,,,,,,,,
dc/Mt%20Olivet%20Rd%20and%20Montello%20Ave%20NE.txt,MONTELLO AVENUE / MT OLIVET ROAD,VEHICLES - HEAVY VEHICLES - BICYCLES,3/8/2012,08:15-08:30,,,,,,,,,,,,,,,,,,,,,,
dc/Mt%20Olivet%20Rd%20and%20Montello%20Ave%20NE.txt,MONTELLO AVENUE / MT OLIVET ROAD,VEHICLES - HEAVY VEHICLES - BICYCLES,3/8/2012,08:30-08:45,,,,,,,,,,,,,,,,,,,,,,
dc/Mt%20Olivet%20Rd%20and%20Montello%20Ave%20NE.txt,MONTELLO AVENUE / MT OLIVET ROAD,VEHICLES - HEAVY VEHICLES - BICYCLES,3/8/2012,08:45-09:00,,,,,,,,,,,,,,,,,,,,,,
dc/Mt%20Olivet%20Rd%20and%20Montello%20Ave%20NE.txt,MONTELLO AVENUE / MT OLIVET ROAD,VEHICLES - HEAVY VEHICLES - BICYCLES,3/8/2012,09:00-09:15,,,,,,,,,,,,,,,,,,,,,,
dc/Mt%20Olivet%20Rd%20and%20Montello%20Ave%20NE.txt,MONTELLO AVENUE / MT OLIVET ROAD,VEHICLES - HEAVY VEHICLES - BICYCLES,3/8/2012,09:15-09:30,,,,,,,,,,,,,,,,,,,,,,
dc/Mt%20Olivet%20Rd%20and%20Montello%20Ave%20NE.txt,MONTELLO AVENUE / MT OLIVET ROAD,VEHICLES - HEAVY VEHICLES - BICYCLES,3/8/2012,09:30-09:45,,,,,,,,,,,,,,,,,,,,,,
dc/Mt%20Olivet%20Rd%20and%20Montello%20Ave%20NE.txt,MONTELLO AVENUE / MT OLIVET ROAD,VEHICLES - HEAVY VEHICLES - BICYCLES,3/8/2012,09:45-10:00,,,,,,,,,,,,,,,,,,,,,,
dc/Mt%20Olivet%20Rd%20and%20Montello%20Ave%20NE.txt,MONTELLO AVENUE / MT OLIVET ROAD,VEHICLES - HEAVY VEHICLES - BICYCLES,3/8/2012,10:00-10:15,,,,,,,,,,,,,,,,,,,,,,
dc/Mt%20Olivet%20Rd%20and%20Montello%20Ave%20NE.txt,MONTELLO AVENUE / MT OLIVET ROAD,VEHICLES - HEAVY VEHICLES - BICYCLES,3/8/2012,10:15-10:30,,,,,,,,,,,,,,,,,,,,,,
dc/Mt%20Olivet%20Rd%20and%20Montello%20Ave%20NE.txt,MONTELLO AVENUE / MT OLIVET ROAD,VEHICLES - HEAVY VEHICLES - BICYCLES,3/8/2012,10:30-10:45,,,,,,,,,,,,,,,,,,,,,,
dc/Mt%20Olivet%20Rd%20and%20Montello%20Ave%20NE.txt,MONTELLO AVENUE / MT OLIVET ROAD,VEHICLES - HEAVY VEHICLES - BICYCLES,3/8/2012,10:45-11:00,,,,,,,,,,,,,,,,,,,,,,
dc/Mt%20Olivet%20Rd%20and%20Montello%20Ave%20NE.txt,MONTELLO AVENUE / MT OLIVET ROAD,VEHICLES - HEAVY VEHICLES - BICYCLES,3/8/2012,11:00-11:15,,,,,,,,,,,,,,,,,,,,,,
dc/Mt%20Olivet%20Rd%20and%20Montello%20Ave%20NE.txt,MONTELLO AVENUE / MT OLIVET ROAD,VEHICLES - HEAVY VEHICLES - BICYCLES,3/8/2012,11:15-11:30,,,,,,,,,,,,,,,,,,,,,,
dc/Mt%20Olivet%20Rd%20and%20Montello%20Ave%20NE.txt,MONTELLO AVENUE / MT OLIVET ROAD,VEHICLES - HEAVY VEHICLES - BICYCLES,3/8/2012,11:30-11:45,,,,,,,,,,,,,,,,,,,,,,
dc/Mt%20Olivet%20Rd%20and%20Montello%20Ave%20NE.txt,MONTELLO AVENUE / MT OLIVET ROAD,VEHICLES - HEAVY VEHICLES - BICYCLES,3/8/2012,11:45-12:00,,,,,,,,,,,,,,,,,,,,,,
dc/Mt%20Olivet%20Rd%20and%20Montello%20Ave%20NE.txt,MONTELLO AVENUE / MT OLIVET ROAD,VEHICLES - HEAVY VEHICLES - BICYCLES,3/8/2012,12:00-12:15,,,,,,,,,,,,,,,,,,,,,,
dc/Mt%20Olivet%20Rd%20and%20Montello%20Ave%20NE.txt,MONTELLO AVENUE / MT OLIVET ROAD,VEHICLES - HEAVY VEHICLES - BICYCLES,3/8/2012,12:15-12:30,,,,,,,,,,,,,,,,,,,,,,
dc/Mt%20Olivet%20Rd%20and%20Montello%20Ave%20NE.txt,MONTELLO AVENUE / MT OLIVET ROAD,VEHICLES - HEAVY VEHICLES - BICYCLES,3/8/2012,12:30-12:45,,,,,,,,,,,,,,,,,,,,,,
dc/Mt%20Olivet%20Rd%20and%20Montello%20Ave%20NE.txt,MONTELLO AVENUE / MT OLIVET ROAD,VEHICLES - HEAVY VEHICLES - BICYCLES,3/8/2012,12:45-13:00,,,,,,,,,,,,,,,,,,,,,,
dc/Mt%20Olivet%20Rd%20and%20Montello%20Ave%20NE.txt,MONTELLO AVENUE / MT OLIVET ROAD,VEHICLES - HEAVY VEHICLES - BICYCLES,3/8/2012,13:00-13:15,,,,,,,,,,,,,,,,,,,,,,
dc/Mt%20Olivet%20Rd%20and%20Montello%20Ave%20NE.txt,MONTELLO AVENUE / MT OLIVET ROAD,VEHICLES - HEAVY VEHICLES - BICYCLES,3/8/2012,13:15-13:30,,,,,,,,,,,,,,,,,,,,,,
dc/Mt%20Olivet%20Rd%20and%20Montello%20Ave%20NE.txt,MONTELLO AVENUE / MT OLIVET ROAD,VEHICLES - HEAVY VEHICLES - BICYCLES,3/8/2012,13:30-13:45,,,,,,,,,,,,,,,,,,,,,,
dc/Mt%20Olivet%20Rd%20and%20Montello%20Ave%20NE.txt,MONTELLO AVENUE / MT OLIVET ROAD,VEHICLES - HEAVY VEHICLES - BICYCLES,3/8/2012,13:45-14:00,,,,,,,,,,,,,,,,,,,,,,
dc/Mt%20Olivet%20Rd%20and%20Montello%20Ave%20NE.txt,MONTELLO AVENUE / MT OLIVET ROAD,VEHICLES - HEAVY VEHICLES - BICYCLES,3/8/2012,14:00-14:15,,,,,,,,,,,,,,,,,,,,,,
dc/Mt%20Olivet%20Rd%20and%20Montello%20Ave%20NE.txt,MONTELLO AVENUE / MT OLIVET ROAD,VEHICLES - HEAVY VEHICLES - BICYCLES,3/8/2012,14:15-14:30,,,,,,,,,,,,,,,,,,,,,,
dc/Mt%20Olivet%20Rd%20and%20Montello%20Ave%20NE.txt,MONTELLO AVENUE / MT OLIVET ROAD,VEHICLES - HEAVY VEHICLES - BICYCLES,3/8/2012,14:30-14:45,,,,,,,,,,,,,,,,,,,,,,
dc/Mt%20Olivet%20Rd%20and%20Montello%20Ave%20NE.txt,MONTELLO AVENUE / MT OLIVET ROAD,VEHICLES - HEAVY VEHICLES - BICYCLES,3/8/2012,14:45-15:00,,,,,,,,,,,,,,,,,,,,,,
dc/Mt%20Olivet%20Rd%20and%20Montello%20Ave%20NE.txt,MONTELLO AVENUE / MT OLIVET ROAD,VEHICLES - HEAVY VEHICLES - BICYCLES,3/8/2012,15:00-15:15,,,,,,,,,,,,,,,,,,,,,,
dc/Mt%20Olivet%20Rd%20and%20Montello%20Ave%20NE.txt,MONTELLO AVENUE / MT OLIVET ROAD,VEHICLES - HEAVY VEHICLES - BICYCLES,3/8/2012,15:15-15:30,,,,,,,,,,,,,,,,,,,,,,
dc/Mt%20Olivet%20Rd%20and%20Montello%20Ave%20NE.txt,MONTELLO AVENUE / MT OLIVET ROAD,VEHICLES - HEAVY VEHICLES - BICYCLES,3/8/2012,15:30-15:45,,,,,,,,,,,,,,,,,,,,,,
dc/Mt%20Olivet%20Rd%20and%20Montello%20Ave%20NE.txt,MONTELLO AVENUE / MT OLIVET ROAD,VEHICLES - HEAVY VEHICLES - BICYCLES,3/8/2012,15:45-16:00,,,,,,,,,,,,,,,,,,,,,,
dc/Mt%20Olivet%20Rd%20and%20Montello%20Ave%20NE.txt,MONTELLO AVENUE / MT OLIVET ROAD,VEHICLES - HEAVY VEHICLES - BICYCLES,3/8/2012,16:00-16:15,,,,,,,,,,,,,,,,,,,,,,
dc/Mt%20Olivet%20Rd%20and%20Montello%20Ave%20NE.txt,MONTELLO AVENUE / MT OLIVET ROAD,VEHICLES - HEAVY VEHICLES - BICYCLES,3/8/2012,16:15-16:30,,,,,,,,,,,,,,,,,,,,,,
dc/Mt%20Olivet%20Rd%20and%20Montello%20Ave%20NE.txt,MONTELLO AVENUE / MT OLIVET ROAD,VEHICLES - HEAVY VEHICLES - BICYCLES,3/8/2012,16:30-16:45,,,,,,,,,,,,,,,,,,,,,,
dc/Mt%20Olivet%20Rd%20and%20Montello%20Ave%20NE.txt,MONTELLO AVENUE / MT OLIVET ROAD,VEHICLES - HEAVY VEHICLES - BICYCLES,3/8/2012,16:45-17:00,,,,,,,,,,,,,,,,,,,,,,
dc/Mt%20Olivet%20Rd%20and%20Montello%20Ave%20NE.txt,MONTELLO AVENUE / MT OLIVET ROAD,VEHICLES - HEAVY VEHICLES - BICYCLES,3/8/2012,07:30-07:45,,,,,,,,,,,,,,,,,,,,,,
dc/Mt%20Olivet%20Rd%20and%20Montello%20Ave%20NE.txt,MONTELLO AVENUE / MT OLIVET ROAD,VEHICLES - HEAVY VEHICLES - BICYCLES,3/8/2012,07:45-08:00,,,,,,,,,,,,,,,,,,,,,,
dc/Mt%20Olivet%20Rd%20and%20Montello%20Ave%20NE.txt,MONTELLO AVENUE / MT OLIVET ROAD,VEHICLES - HEAVY VEHICLES - BICYCLES,3/8/2012,08:00-08:15,,,,,,,,,,,,,,,,,,,,,,
dc/Mt%20Olivet%20Rd%20and%20Montello%20Ave%20NE.txt,MONTELLO AVENUE / MT OLIVET ROAD,VEHICLES - HEAVY VEHICLES - BICYCLES,3/8/2012,08:15-08:30,,,,,,,,,,,,,,,,,,,,,,
dc/Naylor%20Road%20and%20Erie%20Street%20SE.txt,NAYLOR ROAD / ERIE STREET,VEHICLES - HEAVY VEHICLES - BICYCLES,3/1/2012,07:00-07:15,,,,,,,,,,,,,,,,,,,,,,
dc/Naylor%20Road%20and%20Erie%20Street%20SE.txt,NAYLOR ROAD / ERIE STREET,VEHICLES - HEAVY VEHICLES - BICYCLES,3/1/2012,07:15-07:30,,,,,,,,,,,,,,,,,,,,,,
dc/Naylor%20Road%20and%20Erie%20Street%20SE.txt,NAYLOR ROAD / ERIE STREET,VEHICLES - HEAVY VEHICLES - BICYCLES,3/1/2012,07:30-07:45,,,,,,,,,,,,,,,,,,,,,,
dc/Naylor%20Road%20and%20Erie%20Street%20SE.txt,NAYLOR ROAD / ERIE STREET,VEHICLES - HEAVY VEHICLES - BICYCLES,3/1/2012,07:45-08:00,,,,,,,,,,,,,,,,,,,,,,
dc/Naylor%20Road%20and%20Erie%20Street%20SE.txt,NAYLOR ROAD / ERIE STREET,VEHICLES - HEAVY VEHICLES - BICYCLES,3/1/2012,08:00-08:15,,,,,,,,,,,,,,,,,,,,,,
dc/Naylor%20Road%20and%20Erie%20Street%20SE.txt,NAYLOR ROAD / ERIE STREET,VEHICLES - HEAVY VEHICLES - BICYCLES,3/1/2012,08:15-08:30,,,,,,,,,,,,,,,,,,,,,,
dc/Naylor%20Road%20and%20Erie%20Street%20SE.txt,NAYLOR ROAD / ERIE STREET,VEHICLES - HEAVY VEHICLES - BICYCLES,3/1/2012,08:30-08:45,,,,,,,,,,,,,,,,,,,,,,
dc/Naylor%20Road%20and%20Erie%20Street%20SE.txt,NAYLOR ROAD / ERIE STREET,VEHICLES - HEAVY VEHICLES - BICYCLES,3/1/2012,08:45-09:00,,,,,,,,,,,,,,,,,,,,,,
dc/Naylor%20Road%20and%20Erie%20Street%20SE.txt,NAYLOR ROAD / ERIE STREET,VEHICLES - HEAVY VEHICLES - BICYCLES,3/1/2012,16:00-16:15,,,,,,,,,,,,,,,,,,,,,,
dc/Naylor%20Road%20and%20Erie%20Street%20SE.txt,NAYLOR ROAD / ERIE STREET,VEHICLES - HEAVY VEHICLES - BICYCLES,3/1/2012,16:15-16:30,,,,,,,,,,,,,,,,,,,,,,
dc/Naylor%20Road%20and%20Erie%20Street%20SE.txt,NAYLOR ROAD / ERIE STREET,VEHICLES - HEAVY VEHICLES - BICYCLES,3/1/2012,16:30-16:45,,,,,,,,,,,,,,,,,,,,,,
dc/Naylor%20Road%20and%20Erie%20Street%20SE.txt,NAYLOR ROAD / ERIE STREET,VEHICLES - HEAVY VEHICLES - BICYCLES,3/1/2012,16:45-17:00,,,,,,,,,,,,,,,,,,,,,,
dc/Naylor%20Road%20and%20Erie%20Street%20SE.txt,NAYLOR ROAD / ERIE STREET,VEHICLES - HEAVY VEHICLES - BICYCLES,3/1/2012,17:00-17:15,,,,,,,,,,,,,,,,,,,,,,
dc/Naylor%20Road%20and%20Erie%20Street%20SE.txt,NAYLOR ROAD / ERIE STREET,VEHICLES - HEAVY VEHICLES - BICYCLES,3/1/2012,17:15-17:30,,,,,,,,,,,,,,,,,,,,,,
dc/Naylor%20Road%20and%20Erie%20Street%20SE.txt,NAYLOR ROAD / ERIE STREET,VEHICLES - HEAVY VEHICLES - BICYCLES,3/1/2012,17:30-17:45,,,,,,,,,,,,,,,,,,,,,,
dc/Naylor%20Road%20and%20Erie%20Street%20SE.txt,NAYLOR ROAD / ERIE STREET,VEHICLES - HEAVY VEHICLES - BICYCLES,3/1/2012,17:45-18:00,,,,,,,,,,,,,,,,,,,,,,
dc/S.Dakota%20and%20Carlton%20Avenue%20NE.txt,SOUTH DAKOTA AVENUE / CARLTON AVENUE,VEHICLES - HEAVY VEHICLES - BICYCLES,1/31/2012,07:00-07:15,,,,,,,,,,,,,,,,,,,,,,
dc/S.Dakota%20and%20Carlton%20Avenue%20NE.txt,SOUTH DAKOTA AVENUE / CARLTON AVENUE,VEHICLES - HEAVY VEHICLES - BICYCLES,1/31/2012,07:15-07:30,,,,,,,,,,,,,,,,,,,,,,
dc/S.Dakota%20and%20Carlton%20Avenue%20NE.txt,SOUTH DAKOTA AVENUE / CARLTON AVENUE,VEHICLES - HEAVY VEHICLES - BICYCLES,1/31/2012,07:30-07:45,,,,,,,,,,,,,,,,,,,,,,
dc/S.Dakota%20and%20Carlton%20Avenue%20NE.txt,SOUTH DAKOTA AVENUE / CARLTON AVENUE,VEHICLES - HEAVY VEHICLES - BICYCLES,1/31/2012,07:45-08:00,,,,,,,,,,,,,,,,,,,,,,
dc/S.Dakota%20and%20Carlton%20Avenue%20NE.txt,SOUTH DAKOTA AVENUE / CARLTON AVENUE,VEHICLES - HEAVY VEHICLES - BICYCLES,1/31/2012,08:00-08:15,,,,,,,,,,,,,,,,,,,,,,
dc/S.Dakota%20and%20Carlton%20Avenue%20NE.txt,SOUTH DAKOTA AVENUE / CARLTON AVENUE,VEHICLES - HEAVY VEHICLES - BICYCLES,1/31/2012,08:15-08:30,,,,,,,,,,,,,,,,,,,,,,
dc/S.Dakota%20and%20Carlton%20Avenue%20NE.txt,SOUTH DAKOTA AVENUE / CARLTON AVENUE,VEHICLES - HEAVY VEHICLES - BICYCLES,1/31/2012,08:30-08:45,,,,,,,,,,,,,,,,,,,,,,
dc/S.Dakota%20and%20Carlton%20Avenue%20NE.txt,SOUTH DAKOTA AVENUE / CARLTON AVENUE,VEHICLES - HEAVY VEHICLES - BICYCLES,1/31/2012,08:45-09:00,,,,,,,,,,,,,,,,,,,,,,
dc/S.Dakota%20and%20Carlton%20Avenue%20NE.txt,SOUTH DAKOTA AVENUE / CARLTON AVENUE,VEHICLES - HEAVY VEHICLES - BICYCLES,1/31/2012,16:00-16:15,,,,,,,,,,,,,,,,,,,,,,
dc/S.Dakota%20and%20Carlton%20Avenue%20NE.txt,SOUTH DAKOTA AVENUE / CARLTON AVENUE,VEHICLES - HEAVY VEHICLES - BICYCLES,1/31/2012,16:15-16:30,,,,,,,,,,,,,,,,,,,,,,
dc/S.Dakota%20and%20Carlton%20Avenue%20NE.txt,SOUTH DAKOTA AVENUE / CARLTON AVENUE,VEHICLES - HEAVY VEHICLES - BICYCLES,1/31/2012,16:30-16:45,,,,,,,,,,,,,,,,,,,,,,
dc/S.Dakota%20and%20Carlton%20Avenue%20NE.txt,SOUTH DAKOTA AVENUE / CARLTON AVENUE,VEHICLES - HEAVY VEHICLES - BICYCLES,1/31/2012,16:45-17:00,,,,,,,,,,,,,,,,,,,,,,
dc/S.Dakota%20and%20Carlton%20Avenue%20NE.txt,SOUTH DAKOTA AVENUE / CARLTON AVENUE,VEHICLES - HEAVY VEHICLES - BICYCLES,1/31/2012,17:00-17:15,,,,,,,,,,,,,,,,,,,,,,
dc/S.Dakota%20and%20Carlton%20Avenue%20NE.txt,SOUTH DAKOTA AVENUE / CARLTON AVENUE,VEHICLES - HEAVY VEHICLES - BICYCLES,1/31/2012,17:15-17:30,,,,,,,,,,,,,,,,,,,,,,
dc/S.Dakota%20and%20Carlton%20Avenue%20NE.txt,SOUTH DAKOTA AVENUE / CARLTON AVENUE,VEHICLES - HEAVY VEHICLES - BICYCLES,1/31/2012,17:30-17:45,,,,,,,,,,,,,,,,,,,,,,
dc/S.Dakota%20and%20Carlton%20Avenue%20NE.txt,SOUTH DAKOTA AVENUE / CARLTON AVENUE,VEHICLES - HEAVY VEHICLES - BICYCLES,1/31/2012,17:45-18:00,,,,,,,,,,,,,,,,,,,,,,
dc/SOUTH%20DAKOTA%20AND%20BUCHANAN%20STREET%20NE.txt,SOUTH DAKOTA AVENUE / 13TH PLACE / BUCHANAN STREET,Unshifted - Bank 1 - Bank 2,12/8/2011,07:00-07:15,,,,,0,,,,,,0,,,0,,0,,,,,,
dc/SOUTH%20DAKOTA%20AND%20BUCHANAN%20STREET%20NE.txt,SOUTH DAKOTA AVENUE / 13TH PLACE / BUCHANAN STREET,Unshifted - Bank 1 - Bank 2,12/8/2011,07:15-07:30,,,,,2,,,,,,0,,,1,,0,,,,,,
dc/SOUTH%20DAKOTA%20AND%20BUCHANAN%20STREET%20NE.txt,SOUTH DAKOTA AVENUE / 13TH PLACE / BUCHANAN STREET,Unshifted - Bank 1 - Bank 2,12/8/2011,07:30-07:45,,,,,1,,,,,,0,,,8,,1,,,,,,
dc/SOUTH%20DAKOTA%20AND%20BUCHANAN%20STREET%20NE.txt,SOUTH DAKOTA AVENUE / 13TH PLACE / BUCHANAN STREET,Unshifted - Bank 1 - Bank 2,12/8/2011,07:45-08:00,,,,,0,,,,,,0,,,0,,0,,,,,,
dc/SOUTH%20DAKOTA%20AND%20BUCHANAN%20STREET%20NE.txt,SOUTH DAKOTA AVENUE / 13TH PLACE / BUCHANAN STREET,Unshifted - Bank 1 - Bank 2,12/8/2011,08:00-08:15,,,,,1,,,,,,1,,,0,,1,,,,,,
dc/SOUTH%20DAKOTA%20AND%20BUCHANAN%20STREET%20NE.txt,SOUTH DAKOTA AVENUE / 13TH PLACE / BUCHANAN STREET,Unshifted - Bank 1 - Bank 2,12/8/2011,08:15-08:30,,,,,0,,,,,,0,,,2,,1,,,,,,
dc/SOUTH%20DAKOTA%20AND%20BUCHANAN%20STREET%20NE.txt,SOUTH DAKOTA AVENUE / 13TH PLACE / BUCHANAN STREET,Unshifted - Bank 1 - Bank 2,12/8/2011,08:30-08:45,,,,,1,,,,,,0,,,1,,4,,,,,,
dc/SOUTH%20DAKOTA%20AND%20BUCHANAN%20STREET%20NE.txt,SOUTH DAKOTA AVENUE / 13TH PLACE / BUCHANAN STREET,Unshifted - Bank 1 - Bank 2,12/8/2011,08:45-09:00,,,,,1,,,,,,0,,,1,,1,,,,,,
dc/SOUTH%20DAKOTA%20AND%20BUCHANAN%20STREET%20NE.txt,SOUTH DAKOTA AVENUE / 13TH PLACE / BUCHANAN STREET,Unshifted - Bank 1 - Bank 2,12/8/2011,16:00-16:15,,,,,0,,,,,,0,,,1,,0,,,,,,
dc/SOUTH%20DAKOTA%20AND%20BUCHANAN%20STREET%20NE.txt,SOUTH DAKOTA AVENUE / 13TH PLACE / BUCHANAN STREET,Unshifted - Bank 1 - Bank 2,12/8/2011,16:15-16:30,,,,,0,,,,,,1,,,5,,0,,,,,,
dc/SOUTH%20DAKOTA%20AND%20BUCHANAN%20STREET%20NE.txt,SOUTH DAKOTA AVENUE / 13TH PLACE / BUCHANAN STREET,Unshifted - Bank 1 - Bank 2,12/8/2011,16:30-16:45,,,,,0,,,,,,0,,,2,,1,,,,,,
dc/SOUTH%20DAKOTA%20AND%20BUCHANAN%20STREET%20NE.txt,SOUTH DAKOTA AVENUE / 13TH PLACE / BUCHANAN STREET,Unshifted - Bank 1 - Bank 2,12/8/2011,16:45-17:00,,,,,0,,,,,,0,,,0,,3,,,,,,
dc/SOUTH%20DAKOTA%20AND%20BUCHANAN%20STREET%20NE.txt,SOUTH DAKOTA AVENUE / 13TH PLACE / BUCHANAN STREET,Unshifted - Bank 1 - Bank 2,12/8/2011,17:00-17:15,,,,,0,,,,,,0,,,1,,0,,,,,,
dc/SOUTH%20DAKOTA%20AND%20BUCHANAN%20STREET%20NE.txt,SOUTH DAKOTA AVENUE / 13TH PLACE / BUCHANAN STREET,Unshifted - Bank 1 - Bank 2,12/8/2011,17:15-17:30,,,,,1,,,,,,0,,,1,,0,,,,,,
dc/SOUTH%20DAKOTA%20AND%20BUCHANAN%20STREET%20NE.txt,SOUTH DAKOTA AVENUE / 13TH PLACE / BUCHANAN STREET,Unshifted - Bank 1 - Bank 2,12/8/2011,17:30-17:45,,,,,1,,,,,,0,,,3,,0,,,,,,
dc/SOUTH%20DAKOTA%20AND%20BUCHANAN%20STREET%20NE.txt,SOUTH DAKOTA AVENUE / 13TH PLACE / BUCHANAN STREET,Unshifted - Bank 1 - Bank 2,12/8/2011,17:45-18:00,,,,,0,,,,,,1,,,6,,0,,,,,,
